Kennziffer;Raumeinheit;Aggregat;Kaufkraft;Einzelhandelsrelevante Kaufkraft;Siedlungs- und Verkehrsfläche;Siedlungs- und Verkehrsfläche;Siedlungs- und Verkehrsfläche;Siedlungs- und Verkehrsfläche;Siedlungs- und Verkehrsfläche;Siedlungs- und Verkehrsfläche;Siedlungs- und Verkehrsfläche;Erholungsfläche;Erholungsfläche;Erholungsfläche;Erholungsfläche;Erholungsfläche;Erholungsfläche;Erholungsfläche;Erreichbarkeit von Mittelzentren;Erreichbarkeit von Oberzentren;Nahversorgung Supermärkte Durchschnittsdistanz;Nahversorgung Apotheken Durchschnittsdistanz;Arbeitslose
;;;2015;2015;2016;2017;2018;2019;2020;2021;2022;2016;2017;2018;2019;2020;2021;2022;2021;2021;2021;2021;2015
"14511000";"Chemnitz, Stadt";"Gemeinden";"20.611,10";"6.772,03";"44,66";"44,81";"44,93";"44,99";"45,22";"45,32";"45,33";"9,02";"9,01";"8,99";"8,98";"9,09";"9,14";"9,13";"0,00";"0,00";"534,83";"660,90";"11.267,00"
"14521010";"Amtsberg";"Gemeinden";"20.170,62";"5.864,32";"12,08";"12,12";"12,16";"12,20";"12,51";"12,85";"12,89";"1,25";"1,20";"1,20";"1,20";"1,33";"1,33";"1,29";"16,84";"16,84";"1.342,96";"2.774,47";"90,00"
"14521020";"Annaberg-Buchholz, Stadt";"Gemeinden";"18.943,06";"6.228,01";"27,64";"27,74";"28,06";"28,60";"28,92";"29,38";"29,59";"3,34";"3,37";"3,66";"3,66";"3,73";"3,84";"3,91";"0,00";"37,24";"475,61";"606,24";"1.270,00"
"14521035";"Aue-Bad Schlema, Stadt";"Gemeinden";"19.402,02";"6.223,16";"35,68";"35,74";"37,14";"37,69";"38,07";"38,24";"38,32";"5,63";"5,65";"6,84";"7,11";"7,19";"7,19";"7,25";"0,00";"29,25";"605,40";"839,31";"1.241,00"
"14521040";"Auerbach";"Gemeinden";"19.766,55";"5.884,36";"18,24";"18,00";"18,00";"18,24";"18,36";"19,44";"19,57";"1,33";"1,21";"1,21";"1,45";"1,45";"1,81";"1,81";"14,90";"24,02";"1.038,58";"839,26";"76,00"
"14521060";"Bärenstein";"Gemeinden";"18.222,52";"6.132,80";"27,97";"26,87";"26,87";"27,24";"27,42";"27,42";"27,42";"2,38";"2,38";"2,38";"2,56";"2,56";"2,56";"2,56";"10,87";"48,11";"1.106,54";"1.016,00";"115,00"
"14521080";"Bockau";"Gemeinden";"20.195,85";"5.965,44";"8,36";"8,30";"8,98";"9,14";"9,14";"9,14";"9,19";"0,52";"0,52";"1,04";"1,15";"1,15";"1,15";"1,15";"7,00";"34,41";"669,58";"655,27";"64,00"
"14521090";"Börnichen/Erzgeb.";"Gemeinden";"18.941,81";"5.678,80";"5,57";"5,57";"5,57";"5,63";"5,95";"5,95";"6,02";"0,13";"0,13";"0,13";"0,13";"0,26";"0,26";"0,26";"15,44";"26,28";"2.641,60";"2.392,97";"26,00"
"14521110";"Breitenbrunn/Erzgeb.";"Gemeinden";"20.121,87";"6.057,55";"8,97";"8,97";"8,88";"9,33";"9,40";"9,43";"9,42";"0,72";"0,72";"0,72";"1,07";"1,12";"1,13";"1,13";"13,37";"45,84";"1.702,48";"2.296,08";"140,00"
"14521120";"Burkhardtsdorf";"Gemeinden";"20.512,56";"6.149,23";"15,53";"15,57";"16,85";"17,13";"17,25";"17,39";"17,72";"1,09";"1,09";"1,89";"1,93";"2,03";"2,07";"2,12";"14,98";"16,81";"1.168,60";"1.511,29";"164,00"
"14521130";"Crottendorf";"Gemeinden";"19.779,72";"5.821,56";"7,91";"7,94";"8,59";"8,65";"8,65";"8,70";"8,70";"0,52";"0,55";"0,82";"0,85";"0,85";"0,85";"0,85";"13,22";"45,95";"905,15";"950,94";"94,00"
"14521140";"Deutschneudorf";"Gemeinden";"18.717,17";"5.630,50";"13,01";"13,14";"13,26";"13,88";"14,00";"14,37";"14,76";"0,37";"0,37";"0,50";"0,87";"0,87";"0,99";"0,99";"32,83";"63,13";"4.714,92";"4.339,73";"33,00"
"14521150";"Drebach";"Gemeinden";"18.492,03";"5.705,07";"11,10";"11,17";"11,35";"11,41";"11,44";"11,47";"11,47";"0,61";"0,61";"0,67";"0,67";"0,70";"0,70";"0,70";"14,88";"25,07";"2.049,44";"3.570,77";"143,00"
"14521160";"Ehrenfriedersdorf, Stadt";"Gemeinden";"19.030,07";"5.958,94";"15,48";"15,73";"15,86";"15,92";"15,86";"15,73";"15,73";"1,57";"1,57";"1,57";"1,64";"1,64";"1,51";"1,51";"8,33";"28,91";"462,13";"581,26";"200,00"
"14521170";"Eibenstock, Stadt";"Gemeinden";"18.591,68";"5.922,23";"6,02";"6,05";"6,16";"6,20";"6,25";"6,34";"6,32";"0,36";"0,36";"0,43";"0,44";"0,45";"0,52";"0,53";"13,50";"37,52";"1.316,15";"2.244,61";"360,00"
"14521180";"Elterlein, Stadt";"Gemeinden";"18.675,41";"5.816,92";"6,89";"6,89";"6,91";"6,91";"6,93";"7,06";"7,19";"0,31";"0,31";"0,31";"0,31";"0,31";"0,31";"0,33";"9,57";"34,85";"4.242,74";"1.662,39";"70,00"
"14521200";"Gelenau/Erzgeb.";"Gemeinden";"19.179,54";"6.170,80";"10,09";"10,09";"10,19";"10,24";"10,24";"10,24";"10,33";"0,85";"0,90";"0,90";"0,90";"0,90";"0,90";"0,90";"17,20";"20,94";"661,12";"1.348,87";"170,00"
"14521210";"Geyer, Stadt";"Gemeinden";"19.119,83";"6.058,87";"8,89";"9,00";"9,70";"9,75";"10,51";"10,94";"11,15";"1,72";"1,72";"2,37";"2,42";"2,64";"2,96";"2,96";"11,12";"35,31";"299,45";"555,38";"144,00"
"14521220";"Gornau/Erzgeb.";"Gemeinden";"20.860,16";"6.376,41";"13,55";"13,60";"13,60";"13,85";"13,95";"14,36";"14,41";"1,37";"1,37";"1,37";"1,52";"1,52";"1,62";"1,62";"15,71";"15,71";"1.885,59";"1.636,90";"88,00"
"14521230";"Gornsdorf";"Gemeinden";"19.620,53";"6.120,08";"25,06";"25,30";"25,30";"25,30";"25,54";"25,54";"25,54";"1,43";"1,43";"1,43";"1,67";"1,67";"1,67";"1,67";"14,30";"22,60";"542,82";"968,15";"58,00"
"14521240";"Großolbersdorf";"Gemeinden";"19.399,33";"6.006,35";"9,61";"9,66";"9,70";"9,75";"9,84";"9,92";"9,97";"0,44";"0,44";"0,44";"0,44";"0,44";"0,44";"0,49";"8,58";"26,49";"1.009,67";"1.419,74";"54,00"
"14521250";"Großrückerswalde";"Gemeinden";"17.860,04";"5.685,38";"11,82";"11,89";"11,89";"11,89";"12,01";"12,01";"12,05";"0,68";"0,68";"0,68";"0,68";"0,71";"0,71";"0,71";"4,83";"36,71";"3.005,46";"3.380,54";"103,00"
"14521260";"Grünhain-Beierfeld, Stadt";"Gemeinden";"20.138,17";"6.012,59";"14,47";"14,65";"14,56";"14,70";"14,97";"15,01";"15,24";"1,57";"1,62";"1,62";"1,71";"1,66";"1,66";"1,80";"7,66";"35,38";"601,13";"717,75";"167,00"
"14521270";"Grünhainichen";"Gemeinden";"19.246,72";"5.964,08";"9,37";"9,37";"9,37";"9,47";"9,61";"10,06";"10,17";"0,63";"0,63";"0,63";"0,66";"0,70";"0,80";"0,84";"19,58";"26,14";"3.363,68";"1.719,23";"106,00"
"14521280";"Heidersdorf";"Gemeinden";"17.863,18";"5.506,90";"8,41";"8,41";"8,41";"8,73";"8,94";"8,94";"8,94";"0,32";"0,32";"0,32";"0,53";"0,42";"0,42";"0,42";"30,42";"60,72";"1.394,27";"3.632,98";"26,00"
"14521290";"Hohndorf";"Gemeinden";"19.641,32";"6.026,02";"25,00";"25,19";"30,86";"31,24";"32,19";"32,38";"32,38";"1,15";"1,15";"4,76";"4,76";"4,76";"4,76";"4,76";"3,73";"18,84";"488,09";"1.013,99";"103,00"
"14521310";"Jahnsdorf/Erzgeb.";"Gemeinden";"20.940,96";"6.136,31";"16,90";"17,05";"17,35";"17,50";"17,54";"17,58";"17,65";"1,14";"1,14";"1,14";"1,22";"1,22";"1,22";"1,22";"11,94";"18,56";"1.120,40";"3.734,40";"116,00"
"14521320";"Johanngeorgenstadt, Stadt";"Gemeinden";"18.078,05";"6.797,20";"13,93";"13,89";"13,96";"14,19";"14,27";"14,30";"14,30";"1,96";"1,99";"1,99";"2,16";"2,20";"2,23";"2,23";"24,50";"49,78";"792,43";"1.150,45";"211,00"
"14521330";"Jöhstadt, Stadt";"Gemeinden";"17.230,64";"5.604,69";"5,71";"5,73";"5,75";"5,82";"5,84";"5,86";"5,98";"0,50";"0,50";"0,50";"0,54";"0,56";"0,56";"0,58";"13,41";"49,67";"3.593,07";"6.818,36";"112,00"
"14521340";"Königswalde";"Gemeinden";"18.181,23";"5.372,44";"7,59";"7,59";"7,64";"7,64";"7,69";"7,89";"7,89";"0,31";"0,31";"0,31";"0,31";"0,31";"0,36";"0,36";"7,68";"44,49";"966,29";"4.161,65";"56,00"
"14521355";"Lauter-Bernsbach, Stadt";"Gemeinden";"19.624,76";"5.973,07";"13,24";"13,24";"13,34";"13,38";"13,67";"13,80";"14,04";"1,19";"1,19";"1,22";"1,25";"1,32";"1,39";"1,39";"0,00";"33,67";"677,45";"754,96";"297,00"
"14521370";"Lößnitz, Stadt";"Gemeinden";"18.382,53";"6.040,16";"13,05";"13,09";"13,22";"13,22";"13,25";"13,25";"13,35";"0,89";"0,89";"0,92";"0,92";"0,92";"0,92";"0,95";"0,00";"28,32";"782,94";"925,32";"420,00"
"14521380";"Lugau/Erzgeb., Stadt";"Gemeinden";"20.205,00";"6.016,20";"16,42";"16,55";"16,55";"16,64";"16,82";"16,96";"17,18";"1,66";"1,66";"1,66";"1,66";"1,66";"1,75";"1,75";"8,13";"18,90";"883,13";"1.018,38";"276,00"
"14521390";"Marienberg, Stadt";"Gemeinden";"19.188,21";"5.919,28";"9,93";"9,93";"9,94";"9,99";"10,02";"10,09";"10,14";"0,62";"0,62";"0,62";"0,64";"0,64";"0,65";"0,65";"0,00";"32,45";"1.777,59";"2.585,57";"655,00"
"14521400";"Mildenau";"Gemeinden";"18.363,99";"5.724,46";"8,49";"8,53";"8,62";"8,62";"8,65";"8,78";"8,78";"0,19";"0,19";"0,19";"0,19";"0,22";"0,22";"0,22";"11,16";"41,81";"1.895,54";"2.331,48";"80,00"
"14521410";"Neukirchen/Erzgeb.";"Gemeinden";"21.493,58";"6.665,25";"19,31";"19,61";"19,71";"19,91";"19,91";"20,06";"20,26";"1,54";"1,54";"1,54";"1,59";"1,59";"1,59";"1,59";"11,36";"11,36";"842,02";"1.021,62";"164,00"
"14521420";"Niederdorf";"Gemeinden";"18.606,21";"5.874,62";"16,31";"16,31";"16,46";"16,54";"16,62";"16,77";"16,85";"0,46";"0,54";"0,54";"0,54";"0,54";"0,77";"0,69";"4,50";"14,23";"611,69";"1.602,92";"31,00"
"14521430";"Niederwürschnitz";"Gemeinden";"19.847,71";"6.126,12";"26,99";"26,99";"27,15";"27,32";"27,32";"27,32";"27,32";"2,48";"2,48";"2,65";"2,65";"2,65";"2,65";"2,65";"5,10";"15,87";"569,30";"654,48";"84,00"
"14521440";"Oberwiesenthal, Kurort, Stadt";"Gemeinden";"19.338,56";"6.513,61";"7,77";"7,80";"7,80";"7,82";"7,82";"7,87";"7,99";"0,77";"0,80";"0,82";"0,82";"0,82";"0,90";"0,90";"23,85";"59,74";"1.092,87";"1.148,13";"77,00"
"14521450";"Oelsnitz/Erzgeb., Stadt";"Gemeinden";"19.065,95";"5.948,29";"25,42";"25,53";"25,72";"25,99";"26,07";"26,10";"26,18";"3,16";"3,20";"3,23";"3,35";"3,35";"3,35";"3,39";"9,52";"22,70";"744,28";"1.081,60";"437,00"
"14521460";"Olbernhau, Stadt";"Gemeinden";"18.804,53";"5.815,06";"9,38";"7,99";"8,02";"8,04";"8,07";"8,15";"8,22";"0,54";"0,48";"0,49";"0,49";"0,51";"0,53";"0,55";"17,59";"47,89";"1.683,37";"2.230,03";"440,00"
"14521495";"Pockau-Lengefeld, Stadt";"Gemeinden";"18.461,11";"5.668,84";"8,52";"8,57";"8,58";"8,77";"8,83";"8,91";"8,95";"0,54";"0,54";"0,55";"0,66";"0,67";"0,67";"0,68";"12,28";"37,47";"1.266,11";"1.660,20";"242,00"
"14521500";"Raschau-Markersbach";"Gemeinden";"19.402,69";"5.759,53";"10,37";"10,37";"10,37";"10,39";"10,44";"10,47";"10,52";"0,53";"0,53";"0,53";"0,56";"0,56";"0,56";"0,56";"2,43";"42,14";"1.350,43";"1.751,54";"166,00"
"14521510";"Scheibenberg, Stadt";"Gemeinden";"19.001,31";"6.066,44";"12,33";"12,33";"12,44";"12,44";"12,78";"12,89";"13,00";"1,00";"1,00";"1,00";"1,00";"1,00";"1,11";"1,11";"8,78";"40,70";"593,94";"423,59";"66,00"
"14521520";"Schlettau, Stadt";"Gemeinden";"18.824,50";"5.903,79";"9,52";"9,47";"9,52";"9,71";"9,75";"9,75";"9,80";"0,75";"0,75";"0,75";"0,85";"0,85";"0,85";"0,85";"9,11";"41,87";"1.135,69";"895,69";"86,00"
"14521530";"Schneeberg, Stadt";"Gemeinden";"19.084,33";"5.975,96";"25,31";"25,35";"25,48";"25,57";"25,74";"25,87";"25,91";"3,08";"3,13";"3,08";"3,13";"3,17";"3,13";"3,13";"0,00";"24,02";"530,20";"556,08";"678,00"
"14521540";"Schönheide";"Gemeinden";"20.138,80";"6.219,43";"10,20";"10,23";"10,37";"10,45";"10,48";"10,52";"10,55";"0,46";"0,50";"0,50";"0,53";"0,53";"0,53";"0,53";"14,20";"38,65";"615,37";"1.050,22";"132,00"
"14521550";"Schwarzenberg/Erzgeb., Stadt";"Gemeinden";"19.357,86";"5.967,02";"18,31";"18,38";"18,51";"18,53";"18,70";"18,81";"18,83";"2,07";"2,07";"2,07";"2,14";"2,20";"2,22";"2,25";"0,00";"39,71";"792,37";"925,08";"818,00"
"14521560";"Sehmatal";"Gemeinden";"19.058,85";"5.910,79";"8,78";"8,81";"8,76";"8,81";"8,87";"8,94";"9,10";"0,52";"0,54";"0,54";"0,54";"0,56";"0,58";"0,58";"7,92";"43,46";"1.279,96";"2.400,29";"169,00"
"14521570";"Seiffen/Erzgeb., Kurort";"Gemeinden";"18.196,60";"5.775,34";"14,72";"14,80";"14,80";"15,37";"15,61";"15,61";"15,69";"1,53";"1,61";"1,61";"2,09";"2,09";"2,09";"2,09";"31,25";"61,55";"1.115,70";"978,50";"53,00"
"14521590";"Stollberg/Erzgeb., Stadt";"Gemeinden";"20.457,21";"6.028,47";"15,52";"15,54";"15,72";"15,98";"16,08";"16,31";"16,47";"1,23";"1,23";"1,28";"1,36";"1,36";"1,38";"1,38";"0,00";"17,92";"1.018,40";"1.259,96";"396,00"
"14521600";"Stützengrün";"Gemeinden";"19.898,49";"5.875,07";"9,22";"9,26";"9,44";"9,51";"9,54";"9,58";"9,61";"0,53";"0,53";"0,53";"0,53";"0,53";"0,53";"0,53";"9,40";"31,84";"3.112,94";"3.266,47";"80,00"
"14521610";"Tannenberg";"Gemeinden";"17.066,97";"5.407,02";"9,66";"10,04";"10,04";"10,16";"10,16";"10,29";"10,29";"0,88";"0,88";"0,88";"0,88";"0,88";"0,88";"0,88";"7,33";"38,46";"2.569,25";"2.774,23";"36,00"
"14521620";"Thalheim/Erzgeb., Stadt";"Gemeinden";"19.455,46";"6.327,08";"21,50";"21,69";"21,78";"21,96";"21,96";"21,96";"22,06";"3,06";"3,06";"3,06";"3,06";"3,06";"3,06";"3,06";"6,67";"21,98";"462,49";"595,54";"227,00"
"14521630";"Thermalbad Wiesenbad";"Gemeinden";"18.557,21";"5.893,64";"12,64";"13,09";"13,14";"13,14";"13,34";"13,42";"13,51";"0,95";"0,99";"0,99";"0,99";"1,03";"1,07";"1,07";"6,75";"37,34";"1.779,55";"2.598,75";"120,00"
"14521640";"Thum, Stadt";"Gemeinden";"19.738,07";"6.030,44";"13,76";"13,81";"13,81";"13,86";"13,86";"13,97";"14,18";"1,27";"1,27";"1,27";"1,32";"1,32";"1,38";"1,38";"12,33";"24,91";"667,25";"1.180,79";"159,00"
"14521670";"Wolkenstein, Stadt";"Gemeinden";"18.916,25";"5.506,41";"10,62";"11,01";"11,05";"11,24";"11,41";"11,47";"11,73";"0,52";"0,52";"0,52";"0,66";"0,95";"0,98";"0,95";"7,06";"30,28";"824,29";"1.454,54";"112,00"
"14521690";"Zschopau, Stadt, Motorradstadt";"Gemeinden";"18.839,71";"5.917,91";"18,82";"18,87";"18,91";"19,00";"19,04";"19,13";"19,26";"1,54";"1,54";"1,54";"1,62";"1,62";"1,62";"1,71";"16,43";"18,40";"534,06";"846,58";"501,00"
"14521700";"Zschorlau";"Gemeinden";"20.877,32";"5.836,68";"13,32";"13,41";"13,55";"13,55";"13,91";"13,95";"13,91";"0,96";"0,96";"1,09";"1,09";"1,23";"1,19";"1,19";"3,99";"28,00";"1.103,34";"1.636,88";"120,00"
"14521710";"Zwönitz, Stadt";"Gemeinden";"19.998,00";"5.858,37";"11,25";"11,38";"11,38";"11,44";"11,50";"11,52";"11,57";"0,93";"0,93";"0,95";"0,95";"0,95";"0,95";"0,95";"9,58";"28,55";"909,36";"1.544,58";"341,00"
"14522010";"Altmittweida";"Gemeinden";"20.199,76";"6.079,77";"10,80";"10,94";"11,01";"11,01";"11,08";"11,43";"11,51";"0,64";"0,64";"0,64";"0,64";"0,64";"0,71";"0,71";"3,76";"25,02";"1.883,08";"2.874,55";"55,00"
"14522020";"Augustusburg, Stadt";"Gemeinden";"20.832,91";"6.479,84";"13,22";"13,94";"14,24";"14,24";"14,24";"14,50";"14,63";"1,71";"2,01";"2,14";"2,14";"2,14";"2,35";"2,40";"21,29";"21,29";"1.005,32";"1.634,86";"110,00"
"14522035";"Bobritzsch-Hilbersdorf";"Gemeinden";"19.568,23";"6.140,06";"8,07";"8,15";"8,29";"8,31";"8,44";"8,58";"8,62";"0,40";"0,40";"0,40";"0,40";"0,42";"0,42";"0,42";"9,16";"41,18";"2.417,87";"3.699,13";"173,00"
"14522050";"Brand-Erbisdorf, Stadt";"Gemeinden";"19.514,75";"6.066,25";"13,49";"13,71";"13,92";"13,97";"14,03";"14,29";"14,33";"1,12";"1,21";"1,27";"1,32";"1,32";"1,45";"1,47";"6,31";"38,41";"1.192,43";"1.599,40";"328,00"
"14522060";"Burgstädt, Stadt";"Gemeinden";"20.634,91";"6.527,83";"19,33";"19,40";"19,51";"19,86";"19,94";"21,14";"21,21";"1,39";"1,39";"1,39";"1,43";"1,43";"2,28";"2,24";"9,72";"18,78";"744,28";"792,22";"442,00"
"14522070";"Claußnitz";"Gemeinden";"21.045,07";"6.137,92";"11,88";"11,88";"11,93";"11,93";"12,25";"12,30";"12,30";"1,03";"1,03";"1,17";"1,12";"1,22";"1,22";"1,22";"9,97";"20,34";"1.483,31";"2.693,15";"78,00"
"14522080";"Döbeln, Stadt";"Gemeinden";"19.289,08";"6.302,14";"15,42";"15,51";"15,72";"15,76";"15,79";"15,88";"15,98";"1,20";"1,19";"1,36";"1,34";"1,35";"1,36";"1,41";"0,00";"38,31";"1.145,13";"1.313,10";"1.387,00"
"14522090";"Dorfchemnitz";"Gemeinden";"18.014,29";"5.677,08";"5,58";"5,58";"5,61";"5,65";"5,68";"5,78";"5,81";"0,20";"0,20";"0,20";"0,20";"0,20";"0,17";"0,17";"26,64";"58,18";"2.001,70";"4.911,80";"41,00"
"14522110";"Eppendorf";"Gemeinden";"19.276,50";"5.895,65";"9,15";"9,15";"9,15";"9,21";"9,47";"9,68";"9,71";"0,80";"0,80";"0,80";"0,83";"0,89";"0,97";"0,97";"19,27";"33,50";"1.317,60";"1.455,68";"119,00"
"14522120";"Erlau";"Gemeinden";"20.848,19";"6.023,97";"8,99";"9,04";"9,04";"9,17";"9,25";"9,28";"9,28";"0,69";"0,69";"0,69";"0,69";"0,66";"0,66";"0,66";"6,43";"30,21";"4.145,84";"4.470,35";"73,00"
"14522140";"Flöha, Stadt";"Gemeinden";"19.153,89";"6.179,72";"19,81";"20,46";"20,86";"20,89";"20,89";"21,00";"21,33";"1,77";"1,84";"2,13";"2,13";"2,13";"2,20";"2,77";"16,35";"16,35";"601,14";"861,55";"516,00"
"14522150";"Frankenberg/Sa., Stadt, Garnisonsstadt";"Gemeinden";"19.542,00";"6.345,99";"13,08";"13,12";"13,15";"13,17";"13,29";"13,73";"13,81";"0,98";"0,99";"0,99";"1,04";"1,05";"1,26";"1,30";"16,35";"18,39";"1.091,69";"1.146,93";"678,00"
"14522170";"Frauenstein, Stadt";"Gemeinden";"18.563,62";"5.983,09";"5,90";"5,92";"5,95";"6,03";"6,03";"6,05";"6,05";"0,25";"0,25";"0,25";"0,27";"0,27";"0,27";"0,27";"18,22";"42,91";"2.478,60";"2.498,00";"79,00"
"14522180";"Freiberg, Stadt, Universitätsstadt";"Gemeinden";"20.367,72";"6.470,92";"30,05";"30,11";"30,34";"30,44";"30,59";"30,66";"30,74";"2,38";"2,38";"2,34";"2,36";"2,40";"2,42";"2,40";"0,00";"38,40";"444,77";"532,14";"1.934,00"
"14522190";"Geringswalde, Stadt";"Gemeinden";"19.591,67";"6.099,32";"9,58";"9,62";"9,65";"9,68";"9,71";"9,71";"9,82";"0,86";"0,83";"0,87";"0,87";"0,86";"0,86";"0,87";"17,60";"41,38";"866,42";"976,68";"185,00"
"14522200";"Großhartmannsdorf";"Gemeinden";"18.004,52";"5.451,92";"6,71";"7,02";"7,02";"7,11";"7,17";"7,20";"7,36";"0,28";"0,34";"0,34";"0,34";"0,34";"0,34";"0,37";"14,06";"44,53";"2.191,32";"2.328,79";"58,00"
"14522210";"Großschirma, Stadt";"Gemeinden";"19.605,19";"6.134,47";"11,13";"11,15";"11,18";"11,41";"11,49";"11,52";"11,67";"0,76";"0,76";"0,76";"0,83";"0,84";"0,84";"0,91";"8,61";"36,87";"2.124,33";"1.917,83";"195,00"
"14522220";"Großweitzschen";"Gemeinden";"19.297,65";"6.030,04";"10,06";"10,17";"10,17";"10,17";"10,57";"10,60";"10,64";"0,34";"0,34";"0,34";"0,34";"0,45";"0,45";"0,45";"10,04";"43,66";"2.725,66";"5.112,31";"85,00"
"14522230";"Hainichen, Stadt";"Gemeinden";"20.013,69";"6.375,24";"12,60";"12,58";"12,60";"12,60";"12,64";"12,70";"13,10";"0,66";"0,64";"0,64";"0,68";"0,68";"0,68";"0,81";"13,66";"23,44";"1.268,73";"1.310,85";"360,00"
"14522240";"Halsbrücke";"Gemeinden";"19.878,48";"6.398,26";"10,65";"10,72";"10,77";"11,21";"11,48";"11,50";"11,53";"0,95";"0,95";"0,95";"1,15";"1,17";"1,17";"1,17";"6,56";"37,12";"2.583,76";"5.062,96";"136,00"
"14522250";"Hartha, Stadt";"Gemeinden";"20.162,63";"6.221,49";"9,60";"9,69";"9,71";"9,78";"9,80";"9,83";"9,93";"0,53";"0,53";"0,53";"0,53";"0,53";"0,53";"0,57";"19,05";"42,80";"1.226,58";"1.469,30";"344,00"
"14522260";"Hartmannsdorf";"Gemeinden";"21.095,00";"6.537,96";"36,44";"36,54";"37,45";"38,62";"38,62";"38,62";"38,72";"4,18";"4,18";"4,09";"4,86";"4,86";"4,86";"4,77";"5,11";"14,37";"499,42";"833,37";"129,00"
"14522280";"Königsfeld";"Gemeinden";"18.070,30";"5.594,45";"6,51";"6,54";"6,54";"6,58";"6,58";"6,62";"6,62";"0,18";"0,18";"0,18";"0,18";"0,18";"0,18";"0,18";"20,61";"33,56";"3.001,30";"4.040,22";"46,00"
"14522290";"Königshain-Wiederau";"Gemeinden";"19.150,08";"6.302,77";"7,35";"7,35";"7,38";"7,38";"7,35";"7,44";"7,51";"0,35";"0,35";"0,35";"0,35";"0,35";"0,35";"0,39";"14,68";"25,78";"4.735,36";"5.733,52";"77,00"
"14522300";"Kriebstein";"Gemeinden";"19.016,55";"6.012,97";"7,85";"7,92";"7,95";"8,01";"8,59";"8,56";"8,59";"0,74";"0,80";"0,77";"0,77";"1,09";"1,09";"1,06";"15,49";"34,63";"3.659,52";"4.069,50";"65,00"
"14522310";"Leisnig, Stadt";"Gemeinden";"19.515,52";"6.306,58";"9,95";"10,00";"10,08";"10,54";"11,22";"11,26";"11,27";"0,59";"0,59";"0,60";"0,60";"0,86";"0,86";"0,86";"22,09";"44,16";"1.732,66";"1.910,33";"389,00"
"14522320";"Leubsdorf";"Gemeinden";"18.102,48";"5.701,42";"8,18";"8,24";"8,30";"8,38";"8,65";"8,82";"8,88";"0,44";"0,44";"0,44";"0,44";"0,61";"0,67";"0,70";"25,36";"27,42";"3.022,42";"3.022,50";"102,00"
"14522330";"Lichtenau";"Gemeinden";"21.057,48";"6.785,11";"15,32";"15,38";"15,52";"15,54";"15,77";"15,87";"15,93";"1,91";"1,91";"1,93";"1,91";"1,99";"1,99";"1,99";"11,91";"14,38";"1.538,30";"4.248,72";"153,00"
"14522340";"Lichtenberg/Erzgeb.";"Gemeinden";"18.915,02";"5.826,66";"7,43";"7,46";"7,46";"7,58";"7,79";"7,91";"7,97";"0,57";"0,57";"0,57";"0,57";"0,63";"0,69";"0,69";"13,36";"49,68";"1.646,05";"3.567,10";"53,00"
"14522350";"Lunzenau, Stadt";"Gemeinden";"19.474,78";"6.442,44";"11,40";"11,44";"11,47";"11,97";"12,99";"13,06";"13,06";"0,81";"0,81";"0,81";"0,92";"1,31";"1,31";"1,31";"15,98";"25,04";"1.264,22";"1.439,47";"154,00"
"14522360";"Mittweida, Stadt, Hochschulstadt";"Gemeinden";"19.930,81";"6.435,78";"16,84";"16,87";"16,92";"16,92";"16,99";"17,04";"18,37";"1,79";"1,79";"1,79";"1,82";"1,82";"1,82";"2,79";"0,00";"24,55";"740,46";"936,83";"701,00"
"14522380";"Mühlau";"Gemeinden";"20.866,88";"6.331,00";"21,38";"21,38";"21,51";"22,13";"22,13";"22,25";"22,18";"0,74";"0,74";"0,74";"0,87";"0,87";"0,87";"0,87";"7,17";"16,23";"2.424,11";"2.966,81";"41,00"
"14522390";"Mulda/Sa.";"Gemeinden";"18.110,49";"5.808,76";"6,33";"6,37";"6,40";"6,44";"6,47";"6,49";"6,61";"0,44";"0,46";"0,46";"0,46";"0,46";"0,46";"0,53";"18,22";"51,39";"798,35";"2.046,24";"74,00"
"14522400";"Neuhausen/Erzgeb.";"Gemeinden";"19.256,78";"5.921,43";"6,18";"6,20";"6,24";"6,26";"6,26";"6,30";"6,30";"0,35";"0,35";"0,35";"0,35";"0,37";"0,37";"0,37";"32,45";"61,08";"951,23";"1.812,22";"62,00"
"14522420";"Niederwiesa";"Gemeinden";"22.420,24";"6.408,37";"19,77";"20,44";"21,54";"21,60";"22,64";"22,70";"22,82";"2,44";"2,56";"3,05";"3,05";"3,90";"3,90";"3,90";"10,49";"10,49";"1.324,76";"1.283,80";"100,00"
"14522430";"Oberschöna";"Gemeinden";"19.570,31";"6.106,35";"7,86";"7,88";"7,90";"7,99";"8,10";"8,15";"8,17";"0,20";"0,20";"0,20";"0,25";"0,29";"0,29";"0,32";"7,76";"30,63";"5.223,22";"4.687,66";"88,00"
"14522440";"Oederan, Stadt";"Gemeinden";"19.321,60";"6.288,05";"9,66";"9,70";"9,72";"9,83";"9,88";"9,92";"9,98";"1,31";"1,31";"1,31";"1,33";"1,34";"1,33";"1,36";"14,91";"23,49";"1.755,31";"1.876,47";"261,00"
"14522450";"Ostrau";"Gemeinden";"18.156,62";"6.047,20";"8,50";"8,52";"8,56";"9,49";"9,49";"9,53";"9,54";"0,40";"0,40";"0,40";"0,49";"0,49";"0,49";"0,49";"13,31";"42,44";"2.257,90";"2.458,84";"175,00"
"14522460";"Penig, Stadt";"Gemeinden";"20.659,67";"6.517,80";"13,38";"13,41";"13,49";"14,00";"14,03";"13,97";"13,97";"0,93";"0,93";"0,96";"1,25";"1,22";"1,23";"1,23";"11,65";"20,71";"1.382,53";"1.650,30";"310,00"
"14522470";"Rechenberg-Bienenmühle";"Gemeinden";"18.054,03";"5.773,07";"7,08";"7,10";"7,10";"7,14";"7,14";"7,16";"7,18";"0,42";"0,42";"0,44";"0,46";"0,49";"0,49";"0,51";"25,67";"50,36";"1.603,27";"2.488,47";"54,00"
"14522480";"Reinsberg";"Gemeinden";"18.216,71";"5.564,02";"6,94";"6,98";"7,02";"7,20";"7,28";"7,30";"7,34";"0,38";"0,38";"0,38";"0,44";"0,44";"0,44";"0,44";"17,81";"32,22";"2.343,72";"5.550,08";"95,00"
"14522490";"Rochlitz, Stadt";"Gemeinden";"20.981,14";"6.806,02";"14,65";"14,86";"14,86";"15,03";"15,07";"15,15";"15,36";"1,18";"1,43";"1,47";"1,52";"1,52";"1,52";"1,68";"20,41";"32,83";"648,78";"877,47";"282,00"
"14522500";"Rossau";"Gemeinden";"19.715,82";"6.037,99";"8,34";"8,42";"8,42";"8,43";"8,57";"8,73";"8,77";"0,60";"0,60";"0,60";"0,60";"0,60";"0,62";"0,62";"12,52";"24,42";"2.855,18";"4.108,96";"104,00"
"14522510";"Roßwein, Stadt";"Gemeinden";"18.311,05";"6.175,25";"12,86";"12,88";"12,90";"12,93";"12,95";"12,97";"12,97";"0,59";"0,59";"0,59";"0,59";"0,61";"0,61";"0,61";"12,78";"37,13";"1.322,72";"1.562,52";"356,00"
"14522520";"Sayda, Stadt";"Gemeinden";"17.667,96";"5.146,53";"5,67";"5,67";"5,75";"5,89";"5,92";"5,92";"5,95";"0,23";"0,23";"0,25";"0,25";"0,25";"0,25";"0,28";"30,53";"54,96";"839,79";"1.178,20";"46,00"
"14522530";"Seelitz";"Gemeinden";"18.618,42";"5.904,49";"7,17";"7,21";"7,24";"7,24";"7,24";"7,27";"7,27";"0,26";"0,26";"0,26";"0,26";"0,26";"0,26";"0,29";"19,28";"31,07";"2.979,94";"3.515,95";"50,00"
"14522540";"Striegistal";"Gemeinden";"17.927,29";"5.621,82";"7,83";"7,89";"7,92";"8,00";"8,11";"8,36";"8,42";"0,38";"0,38";"0,38";"0,38";"0,38";"0,53";"0,53";"18,19";"28,15";"3.700,98";"4.198,76";"174,00"
"14522550";"Taura";"Gemeinden";"20.639,34";"6.023,19";"15,12";"15,21";"15,21";"15,21";"16,29";"16,38";"16,47";"0,72";"0,72";"0,72";"0,72";"1,35";"1,35";"1,35";"12,37";"18,18";"1.444,43";"1.669,13";"90,00"
"14522570";"Waldheim, Stadt";"Gemeinden";"18.759,13";"6.147,31";"12,04";"12,20";"12,25";"12,28";"12,30";"12,42";"12,44";"0,70";"0,74";"0,74";"0,74";"0,77";"0,77";"0,77";"13,44";"36,43";"821,83";"1.115,25";"466,00"
"14522580";"Wechselburg";"Gemeinden";"18.816,88";"5.936,18";"8,53";"8,53";"8,54";"8,58";"8,58";"8,77";"8,81";"0,82";"0,82";"0,82";"0,82";"0,82";"0,82";"0,82";"20,63";"29,69";"1.758,70";"5.094,54";"43,00"
"14522590";"Weißenborn/Erzgeb.";"Gemeinden";"20.352,40";"6.108,70";"9,26";"9,39";"9,44";"9,48";"9,57";"9,61";"9,84";"0,53";"0,58";"0,58";"0,58";"0,58";"0,62";"0,75";"9,01";"45,33";"638,80";"4.214,88";"68,00"
"14522600";"Zettlitz";"Gemeinden";"18.641,66";"5.997,95";"6,25";"6,31";"6,31";"6,31";"6,44";"6,44";"6,44";"0,32";"0,32";"0,32";"0,32";"0,32";"0,26";"0,26";"20,09";"36,90";"1.430,95";"3.648,48";"28,00"
"14522620";"Zschaitz-Ottewig";"Gemeinden";"17.880,84";"6.049,25";"7,17";"7,17";"7,17";"7,17";"8,21";"8,21";"8,27";"0,22";"0,22";"0,22";"0,22";"0,22";"0,22";"0,22";"8,31";"40,27";"4.151,02";"3.872,64";"39,00"
"14523010";"Adorf/Vogtl., Stadt";"Gemeinden";"19.698,52";"6.391,11";"10,27";"10,32";"10,34";"10,31";"10,36";"10,36";"10,38";"0,65";"0,65";"0,65";"0,65";"0,65";"0,65";"0,63";"13,21";"25,00";"850,28";"1.182,39";"128,00"
"14523020";"Auerbach/Vogtl., Stadt";"Gemeinden";"20.145,17";"5.935,92";"17,33";"17,49";"17,60";"17,65";"17,72";"17,74";"17,78";"1,78";"1,78";"1,80";"1,80";"1,80";"1,80";"1,80";"0,00";"26,88";"871,38";"1.234,39";"700,00"
"14523030";"Bad Brambach";"Gemeinden";"19.616,64";"6.379,86";"7,99";"7,99";"8,01";"8,01";"8,01";"8,06";"8,06";"0,73";"0,73";"0,73";"0,73";"0,73";"0,75";"0,75";"27,43";"27,43";"1.771,54";"8.749,70";"41,00"
"14523040";"Bad Elster, Stadt";"Gemeinden";"21.888,54";"6.168,82";"14,06";"14,06";"14,11";"14,16";"14,16";"14,16";"14,37";"2,33";"2,33";"2,33";"2,33";"2,33";"2,33";"2,33";"18,67";"20,31";"1.300,26";"1.322,18";"94,00"
"14523050";"Bergen";"Gemeinden";"20.749,05";"5.978,67";"8,87";"8,75";"8,75";"8,87";"8,87";"8,87";"8,87";"0,60";"0,60";"0,60";"0,60";"0,60";"0,60";"0,60";"8,32";"15,18";"912,29";"6.661,72";"25,00"
"14523060";"Bösenbrunn";"Gemeinden";"17.111,96";"5.340,29";"5,44";"5,44";"5,44";"5,44";"5,47";"5,47";"5,47";"0,20";"0,20";"0,20";"0,20";"0,20";"0,20";"0,20";"8,32";"16,37";"4.525,78";"5.861,70";"25,00"
"14523080";"Eichigt";"Gemeinden";"18.705,97";"5.832,49";"5,81";"5,87";"5,87";"5,90";"5,90";"5,90";"5,93";"0,18";"0,18";"0,18";"0,18";"0,18";"0,18";"0,18";"11,02";"21,32";"4.957,41";"6.487,56";"27,00"
"14523090";"Ellefeld";"Gemeinden";"18.071,27";"5.417,12";"31,87";"31,87";"32,09";"32,09";"32,31";"32,31";"32,31";"2,20";"2,20";"2,20";"2,20";"2,20";"2,20";"2,20";"0,00";"25,78";"727,77";"546,15";"59,00"
"14523100";"Elsterberg, Stadt";"Gemeinden";"18.820,43";"6.271,45";"10,48";"10,48";"10,48";"10,48";"10,52";"10,56";"10,68";"0,60";"0,64";"0,64";"0,64";"0,64";"0,64";"0,64";"7,82";"17,57";"886,74";"966,71";"163,00"
"14523120";"Falkenstein/Vogtl., Stadt";"Gemeinden";"19.539,49";"6.333,65";"15,04";"15,10";"15,13";"15,13";"15,13";"15,20";"15,23";"1,22";"1,22";"1,22";"1,22";"1,22";"1,22";"1,22";"0,00";"23,50";"689,76";"1.239,69";"284,00"
"14523130";"Grünbach";"Gemeinden";"19.409,96";"5.450,53";"6,75";"6,79";"6,83";"6,83";"6,90";"6,90";"6,90";"0,33";"0,33";"0,33";"0,33";"0,33";"0,33";"0,33";"3,88";"23,80";"2.935,64";"3.082,98";"25,00"
"14523150";"Heinsdorfergrund";"Gemeinden";"18.925,43";"5.663,67";"12,67";"12,67";"12,81";"12,85";"12,95";"12,99";"13,08";"0,64";"0,64";"0,64";"0,64";"0,64";"0,64";"0,64";"10,45";"16,56";"2.248,70";"4.469,81";"36,00"
"14523160";"Klingenthal, Stadt";"Gemeinden";"20.041,90";"5.927,79";"10,88";"10,88";"10,90";"10,90";"10,94";"10,94";"10,94";"0,69";"0,69";"0,69";"0,69";"0,71";"0,71";"0,71";"21,12";"38,98";"1.472,08";"1.767,59";"248,00"
"14523170";"Lengenfeld, Stadt";"Gemeinden";"19.526,34";"5.827,48";"13,79";"13,81";"13,81";"13,84";"13,90";"13,98";"14,01";"1,13";"1,15";"1,15";"1,15";"1,15";"1,15";"1,15";"5,15";"21,74";"1.645,72";"1.739,37";"212,00"
"14523190";"Limbach";"Gemeinden";"20.131,57";"5.607,46";"9,99";"10,06";"10,13";"10,20";"10,20";"10,27";"10,34";"0,70";"0,77";"0,77";"0,77";"0,77";"0,77";"0,77";"9,46";"19,13";"1.115,44";"3.378,65";"24,00"
"14523200";"Markneukirchen, Stadt";"Gemeinden";"19.638,63";"5.774,52";"7,57";"7,59";"7,60";"7,63";"7,65";"7,66";"7,66";"0,51";"0,52";"0,52";"0,52";"0,52";"0,54";"0,54";"19,85";"30,78";"1.400,90";"1.615,10";"218,00"
"14523230";"Mühlental";"Gemeinden";"17.069,19";"4.997,39";"4,59";"4,59";"4,59";"4,62";"4,62";"4,62";"4,62";"0,10";"0,10";"0,10";"0,10";"0,10";"0,10";"0,10";"11,16";"22,96";"4.896,20";"5.256,85";"28,00"
"14523245";"Muldenhammer";"Gemeinden";"19.106,16";"5.850,59";"6,53";"6,53";"6,54";"6,54";"6,56";"6,56";"6,58";"0,27";"0,27";"0,27";"0,27";"0,27";"0,27";"0,27";"8,28";"31,41";"2.373,92";"2.491,11";"79,00"
"14523260";"Netzschkau, Stadt";"Gemeinden";"20.274,31";"5.879,17";"18,07";"18,15";"18,23";"18,23";"18,31";"18,31";"18,39";"1,04";"1,04";"1,04";"1,04";"1,04";"1,04";"0,96";"5,73";"21,86";"619,92";"803,67";"117,00"
"14523270";"Neuensalz";"Gemeinden";"18.964,20";"5.478,05";"10,30";"10,33";"10,33";"10,36";"10,36";"10,39";"10,39";"0,93";"0,93";"0,93";"0,93";"0,93";"0,93";"0,93";"10,34";"10,43";"3.751,14";"4.944,28";"43,00"
"14523280";"Neumark";"Gemeinden";"20.107,32";"5.575,56";"16,58";"16,64";"16,70";"16,70";"16,75";"16,75";"16,75";"1,50";"1,50";"1,50";"1,50";"1,56";"1,56";"1,56";"7,66";"14,65";"1.291,29";"4.476,25";"63,00"
"14523290";"Neustadt/Vogtl.";"Gemeinden";"16.399,46";"5.352,58";"8,45";"8,53";"8,53";"8,53";"8,60";"8,68";"8,68";"0,15";"0,15";"0,15";"0,15";"0,15";"0,15";"0,15";"3,80";"21,05";"2.720,69";"3.082,90";"22,00"
"14523300";"Oelsnitz/Vogtl., Stadt";"Gemeinden";"19.581,44";"5.864,68";"15,84";"15,87";"15,89";"15,92";"15,97";"15,97";"15,99";"1,25";"1,25";"1,27";"1,27";"1,27";"1,27";"1,27";"0,00";"12,01";"701,48";"1.057,54";"424,00"
"14523310";"Pausa-Mühltroff, Stadt";"Gemeinden";"18.927,12";"6.034,05";"7,22";"7,25";"7,25";"7,27";"7,28";"7,30";"7,30";"0,34";"0,34";"0,34";"0,34";"0,34";"0,34";"0,34";"9,84";"18,80";"928,77";"2.818,64";"158,00"
"14523320";"Plauen, Stadt";"Gemeinden";"20.229,15";"6.342,51";"26,69";"26,73";"26,78";"26,80";"26,84";"26,87";"26,91";"3,84";"3,84";"3,85";"3,85";"3,85";"3,85";"3,85";"0,00";"0,00";"640,23";"771,99";"3.362,00"
"14523330";"Pöhl";"Gemeinden";"20.160,58";"5.909,08";"9,88";"9,88";"9,91";"9,93";"9,93";"9,93";"9,93";"1,47";"1,50";"1,50";"1,50";"1,50";"1,47";"1,47";"13,71";"18,05";"1.542,31";"1.949,73";"68,00"
"14523340";"Reichenbach im Vogtland, Stadt";"Gemeinden";"19.297,86";"6.164,37";"27,68";"27,74";"27,79";"27,82";"27,88";"27,91";"27,94";"2,52";"2,52";"2,52";"2,52";"2,52";"2,52";"2,52";"0,00";"21,36";"565,35";"677,80";"988,00"
"14523360";"Rodewisch, Stadt";"Gemeinden";"19.875,36";"6.233,32";"17,67";"17,71";"18,01";"18,01";"18,04";"18,04";"18,12";"1,00";"1,04";"1,04";"1,04";"1,04";"1,04";"1,04";"0,00";"25,67";"839,77";"1.079,62";"190,00"
"14523365";"Rosenbach/Vogtl.";"Gemeinden";"19.339,62";"5.751,93";"6,77";"6,79";"6,80";"6,80";"6,85";"6,85";"6,86";"0,43";"0,43";"0,43";"0,43";"0,43";"0,43";"0,43";"12,29";"12,29";"4.169,85";"5.693,23";"105,00"
"14523370";"Schöneck/Vogtl., Stadt";"Gemeinden";"19.256,35";"6.160,18";"6,54";"6,56";"6,58";"6,61";"6,63";"6,63";"6,65";"0,60";"0,60";"0,60";"0,60";"0,62";"0,62";"0,62";"11,84";"26,46";"1.311,75";"1.321,94";"73,00"
"14523380";"Steinberg";"Gemeinden";"19.966,50";"5.832,27";"10,31";"10,36";"10,36";"10,36";"10,41";"10,46";"10,51";"0,49";"0,49";"0,49";"0,49";"0,49";"0,49";"0,49";"7,36";"32,29";"1.577,35";"3.712,62";"62,00"
"14523410";"Theuma";"Gemeinden";"20.096,26";"5.622,88";"8,15";"8,15";"8,15";"8,15";"8,15";"8,25";"8,35";"0,50";"0,50";"0,50";"0,50";"0,50";"0,60";"0,60";"9,95";"11,31";"468,44";"4.738,32";"20,00"
"14523420";"Tirpersdorf";"Gemeinden";"20.485,94";"5.608,51";"8,69";"8,74";"8,75";"8,79";"8,79";"8,79";"8,79";"0,31";"0,31";"0,31";"0,31";"0,31";"0,31";"0,31";"8,36";"14,51";"4.154,83";"6.107,58";"19,00"
"14523430";"Treuen, Stadt";"Gemeinden";"20.000,07";"5.877,56";"14,31";"14,33";"14,36";"14,38";"14,40";"14,56";"14,63";"0,41";"0,41";"0,41";"0,41";"0,41";"0,41";"0,41";"8,89";"18,07";"1.185,35";"1.255,21";"204,00"
"14523440";"Triebel/Vogtl.";"Gemeinden";"17.952,38";"5.608,63";"4,60";"4,60";"4,60";"4,62";"4,62";"4,62";"4,90";"0,30";"0,30";"0,30";"0,30";"0,30";"0,30";"0,32";"9,01";"19,31";"3.625,99";"6.344,77";"29,00"
"14523450";"Weischlitz";"Gemeinden";"19.459,88";"5.705,16";"7,82";"7,36";"7,37";"7,37";"7,39";"7,41";"7,40";"0,24";"0,21";"0,21";"0,21";"0,21";"0,21";"0,21";"6,53";"6,53";"3.384,13";"4.621,78";"136,00"
"14523460";"Werda";"Gemeinden";"19.667,41";"5.655,14";"8,55";"8,55";"8,54";"8,61";"8,61";"8,61";"8,68";"0,59";"0,59";"0,59";"0,59";"0,59";"0,59";"0,59";"8,63";"17,98";"4.504,56";"5.912,71";"23,00"
"14524010";"Bernsdorf";"Gemeinden";"24.585,18";"7.601,44";"11,61";"11,61";"11,67";"11,67";"11,74";"11,74";"11,74";"0,54";"0,61";"0,61";"0,61";"0,61";"0,61";"0,61";"3,63";"17,46";"1.820,69";"1.963,87";"44,00"
"14524020";"Callenberg";"Gemeinden";"19.384,68";"6.093,15";"11,87";"12,67";"12,69";"12,72";"12,74";"12,79";"12,82";"1,38";"1,51";"1,51";"1,51";"1,51";"1,51";"1,51";"9,83";"20,49";"2.556,49";"4.411,62";"141,00"
"14524030";"Crimmitschau, Stadt";"Gemeinden";"18.812,97";"6.168,22";"15,91";"16,06";"16,30";"16,34";"16,55";"16,96";"17,48";"1,70";"1,72";"1,73";"1,73";"1,75";"1,85";"1,98";"0,00";"21,10";"953,11";"1.383,21";"911,00"
"14524040";"Crinitzberg";"Gemeinden";"19.262,16";"5.853,21";"7,12";"7,23";"7,39";"7,39";"7,87";"7,87";"8,08";"0,43";"0,43";"0,43";"0,43";"0,48";"0,48";"0,48";"9,27";"26,59";"3.866,07";"2.024,39";"45,00"
"14524050";"Dennheritz";"Gemeinden";"20.911,12";"5.846,91";"12,87";"12,87";"12,87";"12,95";"13,55";"14,58";"14,58";"0,60";"0,60";"0,60";"0,60";"0,82";"0,82";"0,82";"7,59";"13,61";"2.185,76";"2.874,65";"26,00"
"14524060";"Fraureuth";"Gemeinden";"19.880,74";"5.981,56";"13,94";"14,65";"14,69";"14,73";"15,84";"15,88";"15,88";"0,97";"1,33";"1,28";"1,33";"1,28";"1,19";"1,19";"10,01";"18,87";"1.555,35";"1.783,09";"155,00"
"14524070";"Gersdorf";"Gemeinden";"20.320,80";"6.162,81";"21,96";"21,96";"21,98";"21,98";"21,98";"22,08";"22,29";"1,55";"1,55";"1,55";"1,55";"1,44";"1,44";"1,55";"7,15";"23,35";"585,84";"847,72";"124,00"
"14524080";"Glauchau, Stadt";"Gemeinden";"19.372,49";"6.064,75";"24,78";"24,95";"24,97";"25,01";"25,07";"25,15";"25,59";"1,78";"1,78";"1,80";"1,80";"1,82";"1,82";"1,86";"0,00";"16,70";"809,72";"1.053,12";"972,00"
"14524090";"Hartenstein, Stadt";"Gemeinden";"20.327,19";"5.611,33";"10,60";"10,60";"10,68";"10,79";"10,87";"12,10";"12,10";"0,65";"0,65";"0,68";"0,68";"0,65";"0,82";"0,82";"9,81";"20,14";"1.151,56";"1.252,65";"115,00"
"14524100";"Hartmannsdorf b. Kirchberg";"Gemeinden";"18.080,21";"5.404,19";"5,59";"5,59";"5,78";"5,78";"5,78";"5,85";"5,85";"0,26";"0,26";"0,26";"0,26";"0,26";"0,26";"0,26";"9,16";"22,76";"4.090,51";"3.013,46";"24,00"
"14524110";"Hirschfeld";"Gemeinden";"20.014,62";"6.409,22";"11,54";"11,54";"11,54";"11,59";"11,59";"11,33";"11,33";"0,90";"0,90";"0,90";"0,90";"0,90";"0,90";"0,90";"13,48";"17,00";"3.471,03";"4.040,82";"17,00"
"14524120";"Hohenstein-Ernstthal, Stadt";"Gemeinden";"20.485,42";"5.961,50";"32,72";"32,83";"33,15";"33,15";"33,21";"33,32";"33,42";"4,95";"4,95";"5,01";"5,01";"5,01";"5,01";"5,01";"0,00";"21,78";"559,19";"742,28";"629,00"
"14524130";"Kirchberg, Stadt";"Gemeinden";"19.917,60";"6.058,39";"9,98";"10,08";"10,31";"10,54";"10,95";"11,40";"11,68";"0,73";"0,76";"0,76";"0,78";"0,81";"0,88";"0,94";"10,18";"18,04";"1.096,81";"1.280,24";"238,00"
"14524140";"Langenbernsdorf";"Gemeinden";"19.151,28";"5.903,45";"8,61";"8,66";"8,72";"8,72";"8,77";"8,83";"9,02";"0,60";"0,60";"0,60";"0,60";"0,60";"0,60";"0,60";"5,00";"19,71";"2.244,74";"5.925,25";"71,00"
"14524150";"Langenweißbach";"Gemeinden";"18.505,52";"5.527,51";"9,50";"9,50";"9,55";"9,59";"9,59";"9,64";"9,95";"0,49";"0,49";"0,49";"0,49";"0,49";"0,49";"0,53";"7,76";"22,48";"1.915,18";"3.579,97";"56,00"
"14524160";"Lichtenstein/Sa., Stadt";"Gemeinden";"20.017,61";"5.923,79";"23,79";"23,92";"23,98";"24,18";"24,18";"24,31";"25,02";"2,59";"2,59";"2,59";"2,65";"2,65";"2,65";"3,10";"0,00";"15,11";"568,65";"935,30";"394,00"
"14524170";"Lichtentanne";"Gemeinden";"22.150,06";"6.263,67";"14,42";"14,46";"14,49";"14,57";"14,64";"14,75";"14,97";"0,77";"0,77";"0,77";"0,77";"0,77";"0,77";"0,77";"7,66";"7,66";"1.913,54";"2.216,34";"116,00"
"14524180";"Limbach-Oberfrohna, Stadt";"Gemeinden";"20.726,17";"6.168,72";"20,41";"21,05";"22,01";"22,68";"22,84";"22,94";"23,42";"1,31";"1,37";"1,67";"1,71";"1,73";"1,71";"1,85";"0,00";"16,19";"963,38";"1.139,34";"921,00"
"14524190";"Meerane, Stadt";"Gemeinden";"19.816,61";"6.034,29";"32,56";"33,17";"34,53";"34,73";"35,13";"35,39";"36,19";"5,20";"5,25";"5,25";"5,30";"5,30";"5,30";"5,75";"9,58";"18,89";"508,98";"578,42";"680,00"
"14524200";"Mülsen";"Gemeinden";"21.030,29";"6.067,81";"10,72";"10,76";"10,80";"10,85";"11,63";"11,65";"12,17";"0,58";"0,58";"0,56";"0,58";"0,70";"0,70";"0,80";"5,28";"9,83";"1.395,05";"1.746,49";"292,00"
"14524210";"Neukirchen/Pleiße";"Gemeinden";"19.274,93";"5.908,90";"15,45";"15,45";"15,45";"15,45";"15,93";"15,93";"15,99";"0,89";"0,89";"0,89";"0,89";"0,95";"0,95";"0,95";"6,89";"18,78";"1.047,69";"2.627,43";"121,00"
"14524220";"Niederfrohna";"Gemeinden";"20.491,62";"5.937,72";"13,55";"13,55";"13,65";"14,24";"14,34";"14,34";"15,50";"0,49";"0,49";"0,49";"0,49";"0,49";"0,49";"0,79";"7,22";"19,47";"1.661,06";"2.486,88";"43,00"
"14524230";"Oberlungwitz, Stadt";"Gemeinden";"20.382,34";"6.342,27";"21,46";"22,28";"22,34";"22,41";"22,48";"22,62";"22,68";"1,91";"3,47";"3,47";"3,47";"3,47";"3,54";"3,54";"0,00";"21,96";"879,99";"875,61";"177,00"
"14524240";"Oberwiera";"Gemeinden";"20.026,58";"5.606,57";"7,19";"7,18";"7,18";"7,25";"7,25";"8,44";"8,72";"0,49";"0,49";"0,49";"0,49";"0,49";"0,49";"0,49";"11,46";"26,01";"3.775,11";"4.107,20";"25,00"
"14524250";"Reinsdorf";"Gemeinden";"21.165,87";"6.208,95";"18,82";"18,87";"18,92";"19,34";"19,67";"19,72";"19,91";"1,27";"1,27";"1,32";"1,32";"1,32";"1,32";"1,32";"6,64";"6,64";"787,53";"1.339,64";"161,00"
"14524260";"Remse";"Gemeinden";"19.278,42";"5.718,59";"11,90";"11,97";"11,97";"11,97";"11,97";"12,37";"12,64";"0,27";"0,27";"0,27";"0,27";"0,27";"0,27";"0,27";"5,82";"20,37";"2.366,77";"2.341,01";"45,00"
"14524270";"Schönberg";"Gemeinden";"18.995,33";"5.417,89";"5,83";"5,83";"6,22";"6,22";"6,48";"6,48";"6,48";"0,13";"0,13";"0,13";"0,13";"0,13";"0,13";"0,13";"8,93";"25,22";"3.649,51";"3.743,94";"24,00"
"14524280";"St. Egidien";"Gemeinden";"19.717,85";"6.150,83";"17,54";"17,59";"17,59";"17,64";"17,69";"17,69";"17,73";"0,80";"0,85";"0,85";"0,85";"0,85";"0,89";"0,85";"4,26";"16,39";"1.175,50";"2.410,10";"79,00"
"14524290";"Waldenburg, Stadt";"Gemeinden";"19.867,01";"6.096,19";"11,13";"11,17";"11,21";"11,25";"11,29";"11,53";"11,73";"0,96";"0,96";"0,96";"0,96";"0,96";"0,96";"1,00";"12,72";"27,03";"884,72";"975,65";"115,00"
"14524300";"Werdau, Stadt";"Gemeinden";"19.357,30";"6.187,97";"16,35";"16,41";"16,58";"16,64";"16,72";"17,72";"17,80";"1,80";"1,80";"1,78";"1,77";"1,78";"2,12";"2,12";"0,00";"14,71";"817,09";"1.175,41";"1.010,00"
"14524310";"Wildenfels, Stadt";"Gemeinden";"21.166,92";"6.374,05";"13,44";"13,48";"13,48";"13,53";"15,71";"15,76";"15,81";"0,92";"0,92";"0,92";"0,92";"1,35";"1,35";"1,35";"12,10";"14,62";"1.724,35";"1.687,83";"108,00"
"14524320";"Wilkau-Haßlau, Stadt";"Gemeinden";"20.141,70";"6.124,49";"32,33";"32,41";"32,49";"32,57";"32,57";"33,44";"33,52";"2,37";"2,37";"2,37";"2,37";"2,29";"2,53";"2,53";"9,39";"9,39";"694,85";"1.008,75";"338,00"
"14524330";"Zwickau, Stadt";"Gemeinden";"20.778,64";"6.505,19";"39,74";"39,80";"40,15";"40,30";"40,41";"40,53";"40,91";"3,70";"3,71";"3,81";"3,85";"3,89";"3,92";"4,03";"0,00";"0,00";"571,97";"640,20";"3.570,00"
"14612000";"Dresden, Stadt";"Gemeinden";"20.740,44";"6.613,82";"41,70";"41,85";"42,20";"43,00";"43,31";"43,60";"44,01";"5,09";"5,14";"5,26";"5,56";"5,62";"5,71";"5,86";"0,00";"0,00";"423,26";"546,42";"22.489,00"
"14625010";"Arnsdorf";"Gemeinden";"20.522,54";"6.162,95";"11,01";"11,04";"11,12";"11,12";"11,24";"11,26";"11,32";"0,81";"0,78";"0,78";"0,78";"0,78";"0,78";"0,78";"7,83";"30,18";"1.410,83";"1.339,61";"124,00"
"14625020";"Bautzen / Budyšin, Stadt";"Gemeinden";"20.453,66";"6.614,52";"27,11";"27,36";"27,36";"27,54";"27,67";"27,73";"27,79";"3,28";"3,30";"3,31";"3,36";"3,34";"3,34";"3,34";"0,00";"0,00";"444,00";"725,48";"2.476,00"
"14625030";"Bernsdorf, Stadt";"Gemeinden";"17.841,61";"5.837,06";"11,49";"11,63";"11,71";"11,79";"11,94";"11,98";"12,04";"0,72";"0,72";"0,72";"0,72";"0,72";"0,72";"0,70";"14,98";"17,64";"1.368,12";"1.477,25";"311,00"
"14625040";"Bischofswerda, Stadt";"Gemeinden";"19.185,97";"6.165,82";"16,25";"16,30";"16,30";"16,34";"16,47";"16,51";"16,53";"1,17";"1,17";"1,19";"1,19";"1,30";"1,30";"1,30";"21,67";"21,67";"814,87";"1.036,49";"642,00"
"14625060";"Burkau / Porchow";"Gemeinden";"19.972,50";"5.602,96";"10,66";"10,75";"10,88";"10,88";"10,94";"10,97";"11,07";"0,41";"0,41";"0,41";"0,41";"0,38";"0,41";"0,41";"18,02";"18,02";"2.581,65";"4.690,84";"70,00"
"14625080";"Crostwitz / Chrósćicy";"Gemeinden";"18.506,94";"5.095,44";"6,53";"6,60";"6,68";"6,68";"6,75";"6,83";"6,98";"0,38";"0,38";"0,38";"0,38";"0,38";"0,45";"0,38";"15,09";"16,17";"4.382,63";"4.389,61";"18,00"
"14625090";"Cunewalde";"Gemeinden";"20.268,82";"6.264,65";"12,68";"12,72";"12,72";"12,80";"12,95";"13,02";"13,03";"1,20";"1,24";"1,24";"1,24";"1,24";"1,20";"1,20";"11,25";"18,90";"823,37";"1.717,44";"182,00"
"14625100";"Demitz-Thumitz";"Gemeinden";"20.413,78";"6.114,81";"11,76";"11,76";"11,75";"11,80";"12,04";"12,04";"12,09";"0,62";"0,62";"0,62";"0,62";"0,71";"0,71";"0,71";"16,41";"16,41";"1.365,94";"1.315,52";"111,00"
"14625110";"Doberschau-Gaußig / Dobruša-Huska";"Gemeinden";"20.363,07";"6.271,78";"9,58";"9,61";"9,66";"9,78";"9,81";"9,86";"9,93";"0,64";"0,64";"0,62";"0,59";"0,59";"0,59";"0,59";"8,62";"8,62";"3.493,26";"3.946,36";"148,00"
"14625120";"Elsterheide / Halštrowska Hola";"Gemeinden";"19.169,33";"5.922,00";"5,77";"5,79";"5,79";"5,90";"6,07";"6,10";"6,13";"0,39";"0,39";"0,39";"0,41";"0,43";"0,45";"0,47";"5,38";"5,38";"3.651,34";"4.552,05";"74,00"
"14625130";"Elstra / Halštrow, Stadt";"Gemeinden";"19.114,43";"5.814,03";"7,75";"7,78";"7,78";"7,85";"7,91";"7,97";"8,06";"0,61";"0,61";"0,61";"0,61";"0,55";"0,58";"0,58";"9,49";"20,53";"834,54";"1.356,52";"63,00"
"14625140";"Frankenthal";"Gemeinden";"19.301,99";"5.323,29";"8,06";"8,17";"8,17";"8,17";"8,27";"8,27";"8,38";"0,64";"0,64";"0,64";"0,64";"0,53";"0,53";"0,53";"17,79";"24,86";"2.926,88";"5.026,95";"30,00"
"14625150";"Göda / Hodźij";"Gemeinden";"20.248,95";"5.626,84";"9,15";"9,15";"9,17";"9,22";"9,27";"9,31";"9,38";"0,42";"0,42";"0,39";"0,39";"0,39";"0,39";"0,39";"9,13";"9,13";"2.416,98";"6.105,07";"89,00"
"14625160";"Großdubrau / Wulka Dubrawa";"Gemeinden";"19.911,36";"5.639,20";"10,03";"10,05";"10,11";"10,16";"10,24";"10,29";"10,35";"2,07";"2,07";"2,08";"2,08";"2,07";"2,07";"2,07";"15,16";"15,16";"1.982,16";"2.286,82";"157,00"
"14625170";"Großharthau";"Gemeinden";"18.392,93";"5.764,33";"7,62";"7,67";"7,70";"7,81";"7,89";"7,99";"8,10";"0,56";"0,54";"0,54";"0,54";"0,54";"0,54";"0,54";"19,74";"25,00";"1.958,21";"5.108,13";"91,00"
"14625180";"Großnaundorf";"Gemeinden";"20.651,63";"5.617,85";"4,47";"4,54";"4,54";"4,54";"4,54";"4,60";"4,60";"0,27";"0,27";"0,27";"0,27";"0,27";"0,27";"0,27";"14,98";"28,73";"5.012,32";"5.467,08";"21,00"
"14625190";"Großpostwitz/O.L. / Budestecy";"Gemeinden";"20.643,47";"6.226,88";"12,81";"12,86";"12,80";"12,86";"12,99";"12,99";"13,05";"1,58";"1,58";"1,58";"1,52";"1,52";"1,46";"1,46";"9,39";"9,39";"1.020,52";"1.119,76";"98,00"
"14625200";"Großröhrsdorf, Stadt";"Gemeinden";"20.039,26";"6.047,28";"16,28";"15,78";"15,88";"15,95";"16,10";"16,24";"16,29";"1,47";"1,20";"1,17";"1,17";"1,20";"1,22";"1,20";"9,53";"24,02";"1.144,22";"1.879,86";"329,00"
"14625220";"Haselbachtal";"Gemeinden";"19.639,34";"5.659,65";"8,51";"8,53";"8,56";"8,64";"8,69";"8,83";"8,85";"0,61";"0,61";"0,61";"0,61";"0,59";"0,59";"0,59";"10,32";"29,18";"2.479,42";"5.630,96";"84,00"
"14625230";"Hochkirch / Bukecy";"Gemeinden";"19.417,48";"6.101,60";"7,11";"7,16";"7,16";"7,21";"7,26";"7,26";"7,28";"0,38";"0,38";"0,38";"0,38";"0,38";"0,36";"0,36";"9,89";"14,21";"1.952,80";"6.816,10";"91,00"
"14625240";"Hoyerswerda / Wojerecy, Stadt";"Gemeinden";"19.806,38";"6.979,08";"19,12";"19,17";"19,20";"19,29";"19,32";"19,52";"19,51";"2,12";"2,14";"2,19";"2,21";"2,21";"2,32";"2,37";"0,00";"0,00";"585,58";"916,14";"2.290,00"
"14625250";"Kamenz / Kamjenc, Stadt";"Gemeinden";"18.412,23";"6.231,10";"13,42";"13,48";"13,53";"13,59";"13,66";"13,72";"13,80";"1,10";"1,10";"1,09";"1,13";"1,13";"1,13";"1,14";"0,00";"28,06";"1.440,97";"1.598,74";"736,00"
"14625270";"Königsbrück, Stadt";"Gemeinden";"20.255,49";"5.770,55";"4,79";"4,88";"5,05";"5,12";"5,20";"5,25";"5,30";"0,37";"0,37";"0,37";"0,40";"0,40";"0,40";"0,41";"19,10";"29,90";"1.086,26";"1.091,07";"112,00"
"14625280";"Königswartha / Rakecy";"Gemeinden";"18.007,62";"5.983,70";"8,50";"8,52";"8,52";"8,54";"8,63";"8,67";"8,69";"0,61";"0,61";"0,61";"0,61";"0,59";"0,59";"0,59";"19,37";"19,37";"1.406,72";"1.827,78";"185,00"
"14625290";"Kubschütz / Kubšicy";"Gemeinden";"18.209,75";"5.337,66";"12,37";"12,40";"12,42";"12,47";"12,49";"12,60";"12,60";"0,41";"0,41";"0,41";"0,41";"0,41";"0,41";"0,41";"9,50";"9,50";"2.120,56";"4.062,83";"90,00"
"14625300";"Laußnitz";"Gemeinden";"20.480,46";"5.696,40";"5,72";"5,72";"5,72";"5,74";"5,78";"5,78";"5,81";"0,16";"0,16";"0,16";"0,16";"0,16";"0,16";"0,16";"20,62";"26,57";"1.394,22";"3.334,72";"35,00"
"14625310";"Lauta, Stadt";"Gemeinden";"17.967,36";"6.418,22";"19,20";"19,20";"19,22";"19,25";"19,29";"19,32";"19,32";"0,78";"0,78";"0,78";"0,81";"0,81";"0,83";"0,76";"13,99";"13,99";"1.090,74";"1.463,22";"492,00"
"14625320";"Lichtenberg";"Gemeinden";"20.271,21";"5.706,64";"8,22";"8,22";"8,29";"8,29";"8,29";"8,29";"8,29";"0,34";"0,34";"0,27";"0,27";"0,27";"0,27";"0,27";"8,85";"25,50";"2.350,89";"3.967,09";"39,00"
"14625330";"Lohsa / Łaz";"Gemeinden";"19.052,80";"6.071,66";"6,94";"6,95";"6,95";"6,95";"7,02";"6,96";"6,99";"0,77";"0,77";"0,77";"0,77";"0,80";"0,83";"0,86";"17,81";"17,81";"2.163,67";"3.507,30";"204,00"
"14625340";"Malschwitz / Malešecy";"Gemeinden";"19.339,07";"5.694,71";"7,39";"7,40";"7,38";"7,41";"7,43";"7,47";"7,54";"0,50";"0,50";"0,50";"0,50";"0,50";"0,50";"0,51";"12,18";"12,18";"4.126,49";"6.429,60";"199,00"
"14625350";"Nebelschütz / Njebjelčicy";"Gemeinden";"18.244,56";"4.973,06";"7,11";"7,11";"7,15";"7,15";"7,20";"7,20";"7,28";"0,65";"0,65";"0,65";"0,65";"0,65";"0,65";"0,70";"8,05";"24,14";"3.443,96";"3.669,16";"17,00"
"14625360";"Neschwitz / Njeswačidło";"Gemeinden";"19.366,07";"6.237,69";"6,85";"6,87";"6,87";"6,89";"6,93";"6,98";"7,02";"0,63";"0,63";"0,63";"0,63";"0,63";"0,61";"0,61";"15,77";"15,77";"1.990,98";"2.030,89";"81,00"
"14625370";"Neukirch";"Gemeinden";"18.733,49";"5.857,92";"5,78";"5,65";"5,68";"5,68";"5,70";"5,75";"5,80";"0,20";"0,20";"0,20";"0,20";"0,20";"0,20";"0,20";"12,30";"34,96";"3.526,14";"3.879,72";"48,00"
"14625380";"Neukirch/Lausitz";"Gemeinden";"19.956,65";"6.104,08";"15,35";"15,49";"15,54";"15,82";"16,15";"16,24";"16,34";"0,75";"0,75";"0,75";"0,75";"0,75";"0,75";"0,75";"17,22";"17,22";"519,22";"906,76";"238,00"
"14625390";"Obergurig / Hornja Hórka";"Gemeinden";"21.443,69";"5.753,38";"17,94";"18,13";"18,13";"18,33";"18,43";"18,43";"18,53";"1,22";"1,22";"1,22";"1,22";"1,22";"1,22";"1,22";"8,99";"8,99";"2.886,78";"2.728,93";"63,00"
"14625410";"Ohorn";"Gemeinden";"21.155,52";"5.677,28";"16,18";"16,35";"16,51";"16,60";"16,68";"16,76";"16,93";"0,92";"0,92";"0,92";"0,92";"0,92";"0,92";"0,92";"11,75";"18,82";"2.023,59";"2.600,50";"36,00"
"14625420";"Oßling / Wóslink";"Gemeinden";"18.764,96";"5.636,55";"5,99";"5,99";"5,99";"6,06";"6,13";"6,15";"6,20";"0,59";"0,59";"0,59";"0,59";"0,59";"0,59";"0,59";"13,89";"18,59";"5.643,59";"6.226,22";"58,00"
"14625430";"Ottendorf-Okrilla";"Gemeinden";"21.680,68";"6.204,58";"26,92";"27,03";"27,07";"27,23";"27,34";"27,46";"27,61";"2,47";"2,47";"2,47";"2,43";"2,43";"2,43";"2,43";"13,57";"18,38";"1.415,96";"1.747,14";"194,00"
"14625440";"Panschwitz-Kuckau / Pančicy-Kukow";"Gemeinden";"19.152,34";"5.143,52";"7,37";"7,37";"7,49";"7,54";"7,67";"7,71";"7,71";"0,30";"0,30";"0,30";"0,34";"0,34";"0,34";"0,34";"11,23";"16,84";"1.444,67";"1.496,46";"41,00"
"14625450";"Pulsnitz, Stadt";"Gemeinden";"20.227,74";"5.855,61";"13,76";"13,79";"13,83";"13,90";"14,13";"14,35";"14,35";"1,57";"1,61";"1,61";"1,57";"1,57";"1,61";"1,61";"12,58";"21,51";"1.166,11";"1.540,04";"192,00"
"14625460";"Puschwitz / Bóšicy";"Gemeinden";"16.998,64";"5.619,10";"10,26";"10,26";"10,26";"10,35";"10,35";"10,35";"10,43";"0,17";"0,17";"0,17";"0,25";"0,17";"0,17";"0,17";"16,83";"16,83";"3.511,92";"3.631,61";"41,00"
"14625470";"Räckelwitz / Worklecy";"Gemeinden";"18.462,99";"4.941,73";"8,95";"9,04";"9,12";"9,21";"9,30";"9,30";"9,38";"0,52";"0,52";"0,52";"0,52";"0,52";"0,52";"0,52";"15,04";"21,53";"3.491,15";"3.692,14";"17,00"
"14625480";"Radeberg, Stadt";"Gemeinden";"22.168,98";"6.321,55";"26,89";"27,05";"27,22";"27,32";"27,56";"27,76";"27,86";"3,05";"3,08";"3,15";"3,15";"3,32";"3,32";"3,32";"0,00";"22,35";"671,36";"1.073,76";"637,00"
"14625490";"Radibor / Radwor";"Gemeinden";"18.929,60";"5.740,33";"7,05";"7,07";"7,10";"7,10";"7,16";"7,21";"7,21";"0,19";"0,19";"0,19";"0,19";"0,19";"0,19";"0,19";"11,13";"11,13";"3.750,24";"4.791,67";"96,00"
"14625500";"Ralbitz-Rosenthal / Ralbicy-Róžant";"Gemeinden";"17.292,00";"4.798,33";"4,91";"4,95";"5,04";"5,07";"5,14";"5,17";"5,20";"0,25";"0,25";"0,25";"0,25";"0,25";"0,28";"0,25";"16,73";"25,15";"6.691,66";"6.800,83";"44,00"
"14625510";"Rammenau";"Gemeinden";"19.991,35";"5.487,41";"10,87";"10,97";"10,97";"10,97";"11,06";"11,15";"11,15";"0,93";"0,93";"0,93";"0,93";"0,93";"0,93";"0,93";"18,04";"18,04";"3.731,94";"4.125,83";"32,00"
"14625525";"Schirgiswalde-Kirschau, Stadt";"Gemeinden";"19.824,94";"6.028,79";"16,47";"16,56";"16,64";"16,72";"16,93";"17,01";"17,09";"1,44";"1,44";"1,44";"1,48";"1,44";"1,44";"1,44";"16,90";"16,90";"1.476,71";"1.064,96";"212,00"
"14625530";"Schmölln-Putzkau";"Gemeinden";"19.928,09";"6.085,12";"10,90";"10,90";"10,93";"10,99";"11,05";"11,08";"11,14";"0,43";"0,43";"0,43";"0,39";"0,39";"0,39";"0,39";"22,53";"22,53";"2.758,24";"3.175,23";"113,00"
"14625550";"Schwepnitz";"Gemeinden";"19.469,59";"5.847,23";"5,91";"5,93";"5,93";"5,96";"5,82";"5,87";"5,89";"0,27";"0,27";"0,25";"0,25";"0,25";"0,25";"0,25";"18,40";"27,84";"2.252,97";"2.028,21";"92,00"
"14625560";"Sohland a. d. Spree";"Gemeinden";"19.485,36";"5.863,49";"13,65";"13,67";"13,70";"13,75";"13,75";"13,97";"14,02";"1,05";"1,02";"1,05";"1,02";"1,02";"1,05";"1,05";"20,62";"20,62";"1.803,98";"2.045,57";"272,00"
"14625570";"Spreetal / Sprjewiny Doł";"Gemeinden";"18.430,88";"5.844,13";"8,60";"8,60";"8,61";"8,64";"8,67";"8,68";"8,69";"0,32";"0,32";"0,31";"0,31";"0,31";"0,31";"0,33";"12,65";"12,65";"5.530,83";"7.193,23";"76,00"
"14625580";"Steina";"Gemeinden";"20.403,75";"5.789,15";"8,71";"8,71";"8,87";"8,95";"8,95";"9,03";"9,19";"0,64";"0,64";"0,64";"0,56";"0,56";"0,56";"0,56";"14,67";"24,05";"2.655,95";"3.844,32";"26,00"
"14625590";"Steinigtwolmsdorf";"Gemeinden";"19.314,05";"6.099,13";"11,26";"11,31";"11,37";"11,37";"11,43";"11,42";"11,47";"1,05";"1,05";"1,05";"1,05";"1,05";"1,05";"1,05";"22,99";"22,99";"1.175,53";"3.370,27";"117,00"
"14625600";"Wachau";"Gemeinden";"21.110,14";"5.621,73";"10,31";"10,36";"10,39";"10,39";"10,42";"10,52";"10,42";"0,71";"0,71";"0,73";"0,71";"0,73";"0,73";"0,73";"6,22";"24,03";"2.474,51";"4.131,75";"76,00"
"14625610";"Weißenberg / Wóspork, Stadt";"Gemeinden";"19.290,70";"5.718,67";"8,73";"8,75";"8,77";"8,85";"8,89";"8,95";"8,97";"0,27";"0,27";"0,26";"0,26";"0,26";"0,24";"0,24";"13,19";"16,44";"2.608,02";"2.939,86";"116,00"
"14625630";"Wilthen, Stadt";"Gemeinden";"19.732,97";"6.232,19";"13,91";"14,03";"14,03";"14,14";"14,20";"14,32";"14,38";"0,82";"0,82";"0,82";"0,82";"0,76";"0,76";"0,76";"14,44";"14,44";"661,99";"837,38";"286,00"
"14625640";"Wittichenau / Kulow, Stadt";"Gemeinden";"18.315,00";"5.836,25";"8,31";"8,34";"8,37";"8,42";"8,47";"8,52";"8,54";"0,82";"0,82";"0,82";"0,82";"0,82";"0,82";"0,82";"10,56";"10,56";"1.498,04";"1.700,03";"136,00"
"14626010";"Bad Muskau / Mužakow, Stadt";"Gemeinden";"18.672,55";"6.382,33";"30,95";"30,95";"30,95";"30,95";"31,01";"31,01";"31,01";"17,04";"17,04";"16,97";"16,97";"16,97";"16,97";"16,97";"8,46";"41,76";"951,84";"1.098,96";"245,00"
"14626020";"Beiersdorf";"Gemeinden";"19.730,44";"5.753,19";"22,64";"22,64";"22,64";"22,64";"22,64";"22,64";"22,64";"7,60";"7,60";"7,60";"7,60";"7,60";"7,60";"7,60";"12,95";"20,73";"2.184,72";"3.019,56";"55,00"
"14626030";"Bernstadt a. d. Eigen, Stadt";"Gemeinden";"17.684,39";"6.008,28";"6,83";"6,83";"6,85";"6,85";"6,85";"6,85";"6,87";"0,46";"0,46";"0,46";"0,46";"0,46";"0,46";"0,46";"17,31";"25,43";"1.157,96";"1.921,98";"156,00"
"14626050";"Bertsdorf-Hörnitz";"Gemeinden";"18.220,70";"5.775,18";"10,44";"11,06";"11,06";"11,06";"11,17";"11,17";"11,17";"0,89";"1,50";"1,50";"1,50";"1,44";"1,44";"1,44";"5,85";"40,22";"2.134,13";"3.329,56";"69,00"
"14626060";"Boxberg/O.L. / Hamor";"Gemeinden";"18.934,20";"6.329,84";"9,17";"9,20";"9,20";"9,19";"9,20";"9,18";"9,34";"0,99";"1,00";"1,00";"1,00";"1,00";"0,99";"1,01";"16,23";"35,38";"4.991,84";"5.140,58";"196,00"
"14626070";"Dürrhennersdorf";"Gemeinden";"18.739,97";"5.776,24";"12,51";"12,51";"12,51";"12,61";"12,61";"12,61";"12,61";"1,68";"1,68";"1,68";"1,59";"1,59";"1,59";"1,59";"10,19";"28,31";"3.421,27";"5.365,27";"36,00"
"14626085";"Ebersbach-Neugersdorf, Stadt";"Gemeinden";"19.125,36";"6.468,88";"38,68";"43,52";"43,77";"43,77";"43,81";"43,91";"43,91";"7,19";"10,17";"10,12";"10,12";"10,12";"10,07";"10,07";"14,61";"25,59";"572,77";"752,12";"725,00"
"14626100";"Gablenz / Jabłońc";"Gemeinden";"19.953,68";"5.874,87";"12,01";"12,01";"12,08";"12,08";"12,08";"12,14";"13,16";"1,90";"1,90";"1,90";"1,90";"1,90";"1,90";"2,31";"5,04";"41,45";"3.762,53";"3.724,92";"54,00"
"14626110";"Görlitz, Stadt";"Gemeinden";"19.625,84";"6.778,93";"35,19";"35,19";"35,09";"35,12";"35,13";"35,21";"35,21";"4,95";"4,93";"5,44";"5,44";"5,45";"5,51";"5,51";"0,00";"0,00";"601,75";"755,24";"4.115,00"
"14626120";"Groß Düben / Dźěwin";"Gemeinden";"19.029,99";"5.615,40";"12,00";"12,02";"12,02";"12,02";"12,08";"12,21";"12,21";"2,39";"2,32";"2,32";"2,32";"2,32";"2,32";"2,26";"12,45";"36,26";"1.451,08";"3.510,44";"33,00"
"14626140";"Großschönau";"Gemeinden";"18.700,70";"6.390,69";"19,48";"19,48";"19,52";"19,52";"19,56";"19,56";"19,56";"4,37";"4,32";"4,32";"4,32";"4,32";"4,32";"4,32";"13,93";"43,81";"684,80";"1.112,38";"300,00"
"14626150";"Großschweidnitz";"Gemeinden";"17.526,19";"5.609,58";"20,08";"21,69";"21,69";"21,69";"21,69";"21,55";"21,55";"1,74";"3,08";"3,08";"3,08";"3,08";"3,08";"3,08";"7,26";"27,75";"1.956,31";"3.406,19";"45,00"
"14626160";"Hähnichen";"Gemeinden";"18.248,21";"5.667,65";"6,77";"6,77";"6,77";"6,77";"6,77";"6,77";"6,77";"0,74";"0,74";"0,74";"0,74";"0,74";"0,74";"0,74";"13,97";"34,99";"6.128,50";"6.035,60";"56,00"
"14626170";"Hainewalde";"Gemeinden";"18.775,86";"5.758,53";"11,96";"11,96";"11,96";"11,96";"12,35";"14,97";"15,05";"0,77";"0,77";"0,77";"0,77";"0,85";"1,08";"1,08";"10,46";"44,82";"3.439,69";"3.458,28";"47,00"
"14626180";"Herrnhut, Stadt";"Gemeinden";"17.533,74";"5.721,75";"9,21";"9,23";"9,24";"9,60";"9,97";"9,98";"10,00";"0,80";"0,80";"0,80";"1,04";"1,17";"1,17";"1,17";"12,68";"34,81";"2.213,45";"2.408,69";"257,00"
"14626190";"Hohendubrau / Wysoka Dubrawa";"Gemeinden";"18.169,09";"5.708,98";"8,21";"8,23";"8,23";"8,26";"8,26";"8,28";"8,21";"1,27";"1,27";"1,27";"1,27";"1,27";"1,27";"1,27";"16,16";"21,12";"5.784,06";"6.387,30";"69,00"
"14626200";"Horka";"Gemeinden";"18.767,18";"5.805,68";"10,22";"10,22";"10,34";"10,61";"10,44";"10,44";"10,46";"1,44";"1,44";"1,44";"1,44";"1,44";"1,44";"1,44";"7,44";"24,17";"4.501,51";"4.864,91";"70,00"
"14626210";"Jonsdorf, Kurort";"Gemeinden";"19.770,04";"6.010,96";"13,40";"13,51";"17,72";"17,72";"17,72";"17,72";"17,72";"1,77";"1,77";"5,43";"5,43";"5,43";"5,43";"5,43";"12,54";"46,73";"872,10";"4.318,96";"47,00"
"14626230";"Kodersdorf";"Gemeinden";"19.477,06";"5.482,34";"12,29";"13,87";"13,87";"13,89";"13,78";"13,78";"13,92";"0,59";"1,67";"1,67";"1,67";"1,65";"1,65";"1,65";"7,89";"17,04";"1.922,72";"1.980,42";"101,00"
"14626240";"Königshain";"Gemeinden";"19.882,14";"5.865,83";"7,87";"7,87";"7,87";"7,87";"7,87";"7,92";"7,92";"0,61";"0,61";"0,61";"0,66";"0,66";"0,66";"0,66";"14,99";"14,99";"6.176,73";"6.256,34";"41,00"
"14626245";"Kottmar";"Gemeinden";"18.900,55";"6.035,00";"13,56";"13,71";"14,51";"15,48";"15,48";"15,48";"15,50";"1,65";"1,71";"1,96";"2,47";"2,47";"2,47";"2,47";"16,52";"33,03";"2.565,57";"2.918,29";"274,00"
"14626250";"Krauschwitz i.d. O.L. / Krušwica";"Gemeinden";"19.613,46";"6.120,97";"6,40";"6,40";"6,39";"6,39";"6,38";"6,38";"6,38";"1,07";"1,07";"1,07";"1,07";"1,07";"1,07";"1,06";"6,66";"43,43";"3.165,20";"3.141,19";"134,00"
"14626260";"Kreba-Neudorf / Chrjebja-Nowa Wjes";"Gemeinden";"18.208,35";"6.109,01";"7,14";"7,14";"7,14";"7,14";"7,14";"7,14";"7,14";"0,16";"0,16";"0,16";"0,16";"0,16";"0,16";"0,16";"17,12";"34,28";"3.119,38";"9.119,57";"32,00"
"14626270";"Lawalde";"Gemeinden";"19.692,11";"5.716,45";"12,58";"12,58";"12,65";"12,65";"12,65";"12,65";"12,78";"1,51";"1,51";"1,51";"1,51";"1,51";"1,51";"1,51";"6,99";"25,09";"3.339,26";"5.622,44";"49,00"
"14626280";"Leutersdorf";"Gemeinden";"19.632,69";"6.008,89";"15,63";"15,63";"15,63";"19,67";"19,67";"19,73";"19,73";"0,94";"0,94";"0,94";"3,45";"3,40";"3,45";"3,45";"17,47";"35,13";"1.715,90";"1.522,35";"133,00"
"14626290";"Löbau, Stadt";"Gemeinden";"18.707,32";"6.343,46";"14,68";"15,29";"15,92";"16,25";"16,24";"16,26";"16,26";"1,38";"1,94";"2,32";"2,61";"2,60";"2,60";"2,59";"0,00";"24,10";"1.205,92";"1.381,00";"1.136,00"
"14626300";"Markersdorf";"Gemeinden";"19.940,33";"6.120,94";"9,67";"9,91";"9,91";"9,91";"9,93";"9,95";"9,96";"0,50";"0,75";"0,75";"0,75";"0,75";"0,74";"0,75";"13,72";"13,72";"3.134,44";"4.750,84";"116,00"
"14626310";"Mittelherwigsdorf";"Gemeinden";"19.022,00";"5.902,56";"11,44";"11,93";"11,99";"11,99";"11,99";"11,99";"12,02";"1,02";"1,43";"1,45";"1,45";"1,45";"1,45";"1,45";"6,79";"39,51";"2.659,03";"3.441,00";"116,00"
"14626320";"Mücka / Mikow";"Gemeinden";"18.310,57";"6.178,22";"8,30";"8,30";"8,30";"8,30";"8,30";"8,30";"8,30";"0,70";"0,70";"0,70";"0,70";"0,70";"0,70";"0,70";"12,54";"29,86";"1.801,95";"10.023,17";"41,00"
"14626330";"Neißeaue";"Gemeinden";"19.057,56";"5.982,33";"7,09";"7,09";"7,09";"7,09";"7,09";"7,11";"7,33";"0,49";"0,49";"0,49";"0,49";"0,49";"0,46";"0,74";"16,75";"16,75";"2.746,68";"7.363,28";"75,00"
"14626350";"Neusalza-Spremberg, Stadt";"Gemeinden";"19.019,80";"6.146,72";"11,26";"11,35";"11,35";"11,61";"12,35";"12,40";"12,40";"0,79";"0,79";"0,79";"0,79";"1,00";"1,00";"1,00";"15,71";"20,43";"907,07";"1.124,34";"155,00"
"14626370";"Niesky, Stadt";"Gemeinden";"19.777,94";"6.539,86";"17,00";"17,04";"17,04";"17,04";"17,04";"17,04";"17,09";"2,84";"2,82";"2,82";"2,81";"2,81";"2,81";"2,81";"0,00";"24,93";"1.060,52";"1.329,60";"476,00"
"14626390";"Oderwitz";"Gemeinden";"19.522,70";"5.837,63";"13,23";"13,23";"13,23";"13,23";"13,26";"13,28";"13,34";"2,95";"2,95";"2,95";"2,95";"2,95";"2,92";"2,92";"10,53";"39,02";"784,28";"1.655,05";"195,00"
"14626400";"Olbersdorf";"Gemeinden";"18.432,83";"6.652,02";"21,31";"21,31";"21,37";"21,37";"21,37";"21,37";"21,37";"5,34";"5,34";"5,47";"5,47";"5,47";"5,41";"5,41";"6,58";"40,77";"530,90";"700,84";"286,00"
"14626410";"Oppach";"Gemeinden";"17.392,98";"6.073,89";"19,40";"19,52";"19,62";"19,75";"21,12";"21,50";"21,50";"1,38";"1,38";"1,38";"1,38";"1,38";"1,38";"1,38";"16,63";"17,48";"647,50";"805,90";"103,00"
"14626420";"Ostritz, Stadt";"Gemeinden";"18.243,07";"6.369,40";"10,90";"10,99";"10,82";"10,82";"10,82";"10,86";"10,78";"1,19";"1,19";"1,19";"1,19";"1,19";"1,19";"1,19";"16,91";"16,91";"1.297,02";"1.035,27";"122,00"
"14626430";"Oybin";"Gemeinden";"19.028,05";"5.831,50";"11,00";"11,00";"11,00";"11,00";"11,00";"11,00";"11,05";"2,52";"2,52";"2,52";"2,52";"2,46";"2,46";"2,46";"12,44";"46,63";"3.178,92";"4.077,31";"41,00"
"14626440";"Quitzdorf am See / Kwetanecy pri jezoru";"Gemeinden";"18.183,65";"5.881,00";"8,34";"8,31";"8,34";"8,34";"8,34";"8,28";"8,31";"1,18";"1,16";"1,16";"1,18";"1,18";"1,16";"1,16";"11,08";"26,11";"4.484,64";"6.531,14";"59,00"
"14626450";"Reichenbach/O.L., Stadt";"Gemeinden";"18.657,70";"6.287,87";"9,00";"9,07";"9,16";"9,16";"9,18";"9,20";"9,21";"0,43";"0,49";"0,49";"0,51";"0,51";"0,51";"0,51";"13,56";"20,22";"1.625,49";"2.072,23";"244,00"
"14626460";"Rietschen / Rěčicy";"Gemeinden";"18.461,92";"6.265,58";"7,75";"7,75";"7,32";"7,32";"7,30";"7,30";"7,30";"1,00";"1,00";"0,98";"0,98";"0,98";"0,98";"0,98";"12,03";"36,00";"1.681,89";"1.619,31";"115,00"
"14626470";"Rosenbach";"Gemeinden";"18.136,56";"5.638,64";"9,63";"9,68";"9,68";"9,68";"9,68";"9,68";"9,72";"1,78";"1,78";"1,78";"1,78";"1,78";"1,78";"1,74";"8,25";"29,14";"4.366,72";"4.867,69";"65,00"
"14626480";"Rothenburg/O.L., Stadt";"Gemeinden";"18.145,02";"5.867,99";"15,22";"15,23";"15,22";"15,23";"15,23";"15,22";"15,23";"1,78";"1,78";"1,78";"1,78";"1,78";"1,78";"1,78";"15,54";"27,36";"2.333,22";"2.463,48";"214,00"
"14626490";"Schleife / Slepo";"Gemeinden";"20.542,66";"5.985,46";"9,71";"9,71";"10,71";"10,81";"11,21";"11,21";"11,29";"0,36";"0,36";"1,21";"1,79";"2,00";"2,00";"2,02";"12,50";"31,07";"1.231,80";"1.694,78";"96,00"
"14626500";"Schönau-Berzdorf a. d. Eigen";"Gemeinden";"18.142,52";"5.574,84";"6,83";"6,83";"6,83";"6,83";"6,83";"7,05";"7,05";"0,54";"0,54";"0,54";"0,54";"0,54";"0,72";"0,72";"21,12";"21,12";"3.849,90";"4.447,87";"64,00"
"14626510";"Schönbach";"Gemeinden";"18.517,52";"5.522,28";"14,73";"14,73";"14,73";"14,73";"14,73";"14,73";"14,73";"2,64";"2,64";"2,64";"2,64";"2,64";"2,64";"2,64";"10,64";"24,76";"682,40";"4.077,58";"41,00"
"14626520";"Schöpstal";"Gemeinden";"20.988,14";"6.754,05";"12,99";"13,29";"13,29";"13,29";"13,29";"13,29";"13,32";"0,94";"1,14";"1,14";"1,14";"1,14";"1,11";"1,14";"10,35";"10,35";"3.196,03";"3.381,44";"62,00"
"14626530";"Seifhennersdorf, Stadt";"Gemeinden";"19.084,01";"6.038,58";"15,59";"15,59";"15,59";"15,64";"16,84";"17,68";"17,68";"1,20";"1,20";"1,20";"1,20";"1,52";"1,62";"1,62";"17,16";"37,32";"1.263,29";"980,86";"192,00"
"14626560";"Trebendorf / Trjebin";"Gemeinden";"18.433,40";"5.686,47";"9,33";"9,39";"9,39";"9,42";"9,58";"9,55";"9,55";"0,69";"0,69";"0,69";"0,72";"0,81";"0,81";"0,81";"8,21";"34,38";"2.932,96";"3.269,31";"30,00"
"14626570";"Vierkirchen";"Gemeinden";"18.449,86";"5.513,50";"9,69";"9,77";"9,77";"9,77";"9,77";"9,77";"9,88";"0,40";"0,68";"0,68";"0,68";"0,68";"0,68";"0,71";"14,66";"20,07";"2.151,26";"5.496,21";"61,00"
"14626580";"Waldhufen";"Gemeinden";"18.439,45";"5.870,12";"7,62";"8,00";"7,98";"8,00";"8,00";"8,15";"8,17";"0,80";"1,21";"1,21";"1,19";"1,19";"1,19";"1,19";"5,55";"24,18";"2.637,85";"5.953,65";"100,00"
"14626590";"Weißkeißel / Wuskidź";"Gemeinden";"18.268,04";"5.695,30";"7,08";"7,08";"7,10";"7,08";"7,08";"7,06";"7,06";"0,43";"0,43";"0,43";"0,43";"0,43";"0,43";"0,43";"7,88";"45,96";"2.790,73";"2.944,77";"68,00"
"14626600";"Weißwasser/O.L., Stadt / Běła Woda";"Gemeinden";"18.229,73";"6.660,24";"18,26";"17,90";"17,93";"17,89";"17,91";"17,89";"17,88";"3,74";"3,74";"3,74";"3,72";"3,74";"3,72";"3,85";"0,00";"42,59";"467,90";"591,51";"1.518,00"
"14626610";"Zittau, Stadt";"Gemeinden";"18.404,81";"6.751,71";"23,94";"24,34";"24,99";"25,00";"25,02";"25,02";"25,02";"3,79";"4,03";"4,48";"4,48";"4,46";"4,45";"4,45";"0,00";"34,36";"617,58";"956,79";"1.803,00"
"14627010";"Coswig, Stadt";"Gemeinden";"20.806,26";"6.402,68";"32,03";"32,19";"32,07";"32,26";"32,30";"32,42";"32,42";"2,78";"2,86";"2,86";"2,98";"2,94";"3,01";"3,01";"0,00";"28,63";"573,47";"841,05";"836,00"
"14627020";"Diera-Zehren";"Gemeinden";"19.821,45";"6.317,63";"8,12";"8,10";"8,17";"8,24";"8,24";"8,26";"8,31";"0,60";"0,65";"0,67";"0,74";"0,74";"0,74";"0,74";"7,08";"40,33";"3.930,20";"6.465,94";"90,00"
"14627030";"Ebersbach";"Gemeinden";"19.940,96";"5.557,12";"5,68";"5,69";"5,69";"5,71";"5,72";"5,95";"6,15";"0,30";"0,30";"0,30";"0,30";"0,30";"0,30";"0,28";"14,48";"27,32";"2.574,26";"5.784,68";"123,00"
"14627040";"Glaubitz";"Gemeinden";"20.644,33";"5.695,37";"14,86";"14,86";"14,79";"14,79";"14,79";"14,79";"14,86";"1,64";"1,64";"1,57";"1,57";"1,57";"1,57";"1,57";"8,35";"49,58";"2.235,53";"2.315,59";"48,00"
"14627050";"Gröditz, Stadt";"Gemeinden";"18.682,11";"6.205,76";"15,27";"15,55";"15,55";"15,55";"15,55";"15,55";"15,62";"0,79";"0,79";"0,79";"0,79";"0,79";"0,79";"0,79";"12,91";"55,44";"864,09";"996,07";"562,00"
"14627060";"Großenhain, Stadt";"Gemeinden";"18.695,40";"6.032,24";"11,30";"11,35";"11,38";"11,41";"11,41";"11,42";"11,48";"1,17";"1,17";"1,18";"1,19";"1,19";"1,19";"1,18";"0,00";"39,55";"1.129,41";"1.976,87";"938,00"
"14627070";"Hirschstein";"Gemeinden";"18.644,92";"5.691,04";"6,57";"6,83";"6,83";"6,83";"6,86";"6,86";"6,82";"0,29";"0,29";"0,29";"0,29";"0,29";"0,29";"0,26";"7,71";"50,21";"5.883,82";"5.953,95";"58,00"
"14627080";"Käbschütztal";"Gemeinden";"18.650,50";"5.740,74";"6,50";"6,54";"6,56";"6,62";"6,66";"6,68";"6,70";"0,30";"0,32";"0,32";"0,32";"0,32";"0,34";"0,34";"8,09";"37,73";"2.875,32";"5.105,81";"96,00"
"14627100";"Klipphausen";"Gemeinden";"19.815,71";"6.037,30";"9,16";"9,18";"9,21";"9,23";"9,32";"9,36";"9,44";"0,72";"0,72";"0,72";"0,72";"0,77";"0,77";"0,79";"7,99";"27,17";"3.463,04";"5.126,22";"292,00"
"14627110";"Lampertswalde";"Gemeinden";"18.496,46";"5.638,63";"6,93";"6,94";"6,94";"6,96";"6,98";"6,98";"6,98";"0,22";"0,20";"0,20";"0,20";"0,20";"0,20";"0,20";"12,88";"29,54";"2.567,22";"7.358,38";"82,00"
"14627130";"Lommatzsch, Stadt";"Gemeinden";"19.681,88";"6.119,54";"6,81";"6,81";"6,83";"6,84";"6,86";"7,74";"7,76";"0,47";"0,47";"0,47";"0,47";"0,47";"0,57";"0,57";"14,39";"44,86";"1.552,74";"1.769,21";"199,00"
"14627140";"Meißen, Stadt";"Gemeinden";"19.938,57";"6.363,63";"33,12";"33,12";"33,18";"33,25";"33,25";"33,34";"34,35";"3,10";"3,07";"3,07";"3,07";"3,04";"3,23";"3,59";"0,00";"33,25";"515,62";"726,20";"1.871,00"
"14627150";"Moritzburg";"Gemeinden";"22.120,80";"6.129,06";"13,34";"13,38";"13,40";"13,42";"13,44";"13,53";"13,59";"2,37";"2,37";"2,34";"2,37";"2,34";"2,34";"2,34";"9,91";"20,93";"1.060,97";"2.395,69";"138,00"
"14627170";"Niederau";"Gemeinden";"19.407,59";"5.738,33";"11,06";"11,15";"11,20";"11,20";"11,23";"11,23";"11,51";"0,77";"0,82";"0,82";"0,82";"0,79";"0,79";"0,77";"7,53";"31,78";"2.988,45";"3.029,28";"106,00"
"14627180";"Nossen, Stadt";"Gemeinden";"19.190,19";"6.037,55";"10,25";"10,26";"10,27";"10,29";"10,31";"10,37";"10,38";"0,42";"0,42";"0,42";"0,42";"0,43";"0,43";"0,43";"13,88";"29,20";"2.396,42";"3.020,35";"441,00"
"14627190";"Nünchritz";"Gemeinden";"21.536,27";"6.235,64";"14,19";"14,23";"14,23";"14,26";"14,48";"14,55";"14,55";"1,66";"1,66";"1,63";"1,63";"1,63";"1,63";"1,63";"10,80";"50,90";"1.680,60";"2.068,26";"184,00"
"14627200";"Priestewitz";"Gemeinden";"18.478,48";"5.819,28";"7,26";"7,29";"7,29";"7,28";"7,29";"7,33";"7,36";"0,28";"0,28";"0,28";"0,28";"0,28";"0,28";"0,31";"6,22";"39,00";"4.576,57";"5.757,31";"94,00"
"14627210";"Radebeul, Stadt";"Gemeinden";"24.018,33";"6.550,31";"46,90";"47,25";"47,32";"47,51";"47,78";"47,93";"48,09";"3,90";"3,98";"4,02";"4,02";"4,06";"4,13";"4,17";"0,00";"18,62";"682,95";"817,29";"941,00"
"14627220";"Radeburg, Stadt";"Gemeinden";"20.948,62";"5.924,43";"12,50";"12,53";"12,55";"12,57";"12,62";"12,74";"13,38";"1,54";"1,52";"1,52";"1,52";"1,55";"1,54";"1,70";"18,61";"20,22";"1.447,15";"1.733,57";"217,00"
"14627230";"Riesa, Stadt";"Gemeinden";"19.869,57";"6.552,39";"26,18";"26,21";"26,24";"26,35";"28,13";"28,48";"28,50";"3,33";"3,34";"3,34";"3,34";"4,07";"4,11";"4,12";"0,00";"57,92";"567,84";"814,90";"1.929,00"
"14627240";"Röderaue";"Gemeinden";"19.772,19";"6.500,72";"7,97";"8,04";"8,78";"8,81";"8,81";"8,81";"8,81";"0,59";"0,59";"0,94";"0,94";"0,94";"0,94";"0,94";"15,43";"51,13";"3.118,42";"3.396,92";"110,00"
"14627250";"Schönfeld";"Gemeinden";"18.931,83";"5.708,75";"8,02";"8,22";"8,25";"8,27";"8,25";"8,30";"8,30";"0,46";"0,64";"0,64";"0,64";"0,64";"0,64";"0,64";"14,31";"25,24";"2.235,84";"6.544,27";"40,00"
"14627260";"Stauchitz";"Gemeinden";"18.765,27";"6.023,91";"9,27";"9,30";"9,30";"9,36";"9,64";"9,82";"9,88";"0,55";"0,55";"0,55";"0,55";"0,55";"0,55";"0,55";"10,24";"50,03";"1.956,49";"5.438,41";"121,00"
"14627270";"Strehla, Stadt";"Gemeinden";"19.329,66";"5.866,78";"9,71";"9,71";"9,74";"9,71";"9,71";"9,71";"9,71";"0,76";"0,76";"0,76";"0,79";"0,79";"0,79";"0,79";"10,11";"64,79";"1.016,85";"1.139,58";"170,00"
"14627290";"Thiendorf";"Gemeinden";"19.132,11";"5.462,15";"6,97";"7,00";"7,02";"7,05";"7,08";"7,10";"7,32";"0,58";"0,58";"0,58";"0,58";"0,58";"0,56";"0,55";"14,81";"22,99";"4.217,71";"6.985,73";"102,00"
"14627310";"Weinböhla";"Gemeinden";"21.591,94";"6.202,66";"24,76";"24,97";"25,03";"25,34";"25,55";"25,76";"26,03";"2,68";"2,68";"2,73";"2,79";"2,79";"2,79";"2,79";"4,42";"28,44";"756,95";"912,06";"221,00"
"14627340";"Wülknitz";"Gemeinden";"19.314,76";"5.938,35";"10,95";"10,98";"11,04";"11,04";"11,04";"11,07";"11,07";"0,57";"0,57";"0,57";"0,57";"0,57";"0,64";"0,64";"14,10";"54,41";"5.363,96";"5.932,40";"60,00"
"14627360";"Zeithain";"Gemeinden";"19.592,53";"6.237,16";"11,90";"11,92";"11,92";"11,93";"11,95";"11,96";"11,96";"2,12";"2,12";"2,12";"2,12";"2,12";"2,11";"2,11";"6,48";"53,39";"2.436,35";"2.702,75";"296,00"
"14628010";"Altenberg, Stadt";"Gemeinden";"19.566,76";"6.350,43";"7,29";"7,31";"7,32";"7,32";"7,32";"7,34";"7,34";"0,65";"0,66";"0,66";"0,66";"0,66";"0,66";"0,66";"19,16";"42,33";"2.072,55";"3.150,77";"253,00"
"14628020";"Bad Gottleuba-Berggießhübel, Stadt";"Gemeinden";"20.090,77";"6.013,46";"7,39";"7,39";"7,42";"7,43";"7,41";"7,41";"7,42";"0,36";"0,36";"0,37";"0,37";"0,35";"0,35";"0,35";"16,75";"31,41";"2.321,57";"3.349,80";"162,00"
"14628030";"Bad Schandau, Stadt";"Gemeinden";"19.676,29";"6.314,24";"6,54";"6,52";"6,54";"6,59";"6,61";"6,61";"6,63";"0,41";"0,41";"0,41";"0,43";"0,43";"0,43";"0,43";"21,99";"44,23";"1.416,40";"2.268,62";"146,00"
"14628040";"Bahretal";"Gemeinden";"19.410,88";"5.618,08";"7,68";"7,71";"7,73";"7,76";"7,79";"7,84";"7,84";"0,30";"0,30";"0,30";"0,30";"0,30";"0,30";"0,30";"12,92";"24,13";"3.529,68";"4.152,05";"55,00"
"14628050";"Bannewitz";"Gemeinden";"22.348,85";"6.328,28";"20,81";"20,92";"21,04";"21,13";"21,17";"21,44";"21,55";"2,87";"2,87";"2,87";"2,91";"2,91";"2,91";"2,91";"8,96";"11,88";"891,29";"1.103,88";"245,00"
"14628060";"Dippoldiswalde, Stadt";"Gemeinden";"20.541,47";"6.323,13";"9,46";"9,48";"9,51";"9,55";"9,60";"9,64";"9,65";"0,71";"0,70";"0,70";"0,71";"0,71";"0,72";"0,72";"0,00";"24,69";"1.418,75";"3.023,43";"401,00"
"14628070";"Dohma";"Gemeinden";"21.007,10";"6.315,39";"9,01";"9,01";"9,01";"9,06";"9,22";"9,22";"9,22";"1,38";"1,38";"1,38";"1,38";"1,38";"1,38";"1,38";"6,70";"26,36";"2.412,16";"3.706,44";"35,00"
"14628080";"Dohna, Stadt";"Gemeinden";"21.184,43";"6.253,81";"15,53";"15,56";"15,60";"15,67";"15,70";"15,77";"15,81";"0,91";"0,91";"0,91";"0,94";"0,94";"0,98";"0,98";"8,49";"17,55";"894,24";"1.661,31";"188,00"
"14628090";"Dorfhain";"Gemeinden";"20.688,60";"6.135,59";"10,56";"10,72";"10,72";"10,72";"10,72";"10,72";"10,72";"0,64";"0,64";"0,64";"0,64";"0,64";"0,64";"0,64";"12,80";"31,31";"3.713,02";"4.673,64";"22,00"
"14628100";"Dürrröhrsdorf-Dittersbach";"Gemeinden";"19.139,46";"6.060,99";"8,55";"8,69";"8,76";"8,78";"8,78";"8,80";"8,87";"0,51";"0,53";"0,53";"0,53";"0,53";"0,53";"0,53";"15,71";"30,04";"2.061,03";"2.026,83";"112,00"
"14628110";"Freital, Stadt";"Gemeinden";"20.943,85";"6.482,26";"29,57";"29,69";"29,79";"29,93";"30,00";"30,10";"30,18";"2,32";"2,35";"2,40";"2,40";"2,42";"2,47";"2,55";"0,00";"18,80";"642,87";"800,04";"2.050,00"
"14628130";"Glashütte, Stadt";"Gemeinden";"20.487,22";"6.561,32";"6,42";"6,46";"6,49";"6,53";"6,55";"6,57";"6,58";"0,38";"0,37";"0,38";"0,38";"0,38";"0,38";"0,39";"12,84";"32,50";"2.380,79";"3.368,91";"183,00"
"14628140";"Gohrisch";"Gemeinden";"19.887,15";"6.117,04";"5,31";"5,31";"5,33";"5,36";"5,42";"5,53";"5,53";"0,55";"0,54";"0,54";"0,54";"0,54";"0,63";"0,63";"19,61";"41,86";"3.121,74";"3.655,94";"64,00"
"14628150";"Hartmannsdorf-Reichenau";"Gemeinden";"19.566,02";"5.429,86";"5,68";"5,68";"5,68";"5,71";"5,71";"5,75";"5,75";"0,28";"0,28";"0,28";"0,28";"0,28";"0,28";"0,28";"14,84";"39,52";"3.082,99";"2.161,86";"20,00"
"14628160";"Heidenau, Stadt";"Gemeinden";"19.335,80";"6.163,71";"45,44";"45,71";"45,89";"46,07";"46,25";"46,70";"46,79";"3,79";"3,88";"3,88";"3,88";"3,88";"4,07";"4,07";"6,79";"20,23";"386,65";"580,80";"949,00"
"14628170";"Hermsdorf/Erzgeb.";"Gemeinden";"18.498,98";"5.650,13";"5,93";"5,93";"5,93";"5,98";"5,98";"5,98";"5,98";"0,40";"0,40";"0,40";"0,35";"0,35";"0,35";"0,40";"19,55";"44,24";"7.136,58";"6.943,13";"14,00"
"14628190";"Hohnstein, Stadt";"Gemeinden";"18.228,68";"6.081,72";"5,60";"5,60";"5,60";"5,62";"5,63";"5,65";"5,66";"0,31";"0,31";"0,31";"0,31";"0,32";"0,32";"0,32";"29,12";"46,23";"2.344,32";"5.930,08";"116,00"
"14628205";"Klingenberg";"Gemeinden";"19.691,02";"5.836,91";"6,63";"6,69";"6,69";"6,70";"6,70";"6,72";"6,72";"0,22";"0,22";"0,22";"0,22";"0,22";"0,23";"0,23";"16,35";"37,77";"1.847,12";"4.215,39";"172,00"
"14628210";"Königstein/Sächs. Schw., Stadt";"Gemeinden";"18.965,58";"6.133,81";"11,83";"11,83";"11,83";"11,83";"11,87";"11,90";"11,90";"0,44";"0,44";"0,48";"0,48";"0,48";"0,48";"0,48";"14,50";"36,75";"1.530,24";"1.580,19";"95,00"
"14628220";"Kreischa";"Gemeinden";"23.527,87";"6.027,84";"10,68";"10,79";"10,86";"10,86";"10,96";"11,03";"11,03";"1,59";"1,59";"1,59";"1,59";"1,59";"1,63";"1,63";"12,40";"19,60";"1.328,34";"1.431,61";"84,00"
"14628230";"Liebstadt, Stadt";"Gemeinden";"19.743,37";"6.486,03";"4,55";"4,55";"4,58";"4,58";"4,58";"4,58";"4,58";"0,21";"0,21";"0,21";"0,21";"0,21";"0,21";"0,21";"17,50";"28,69";"3.695,70";"5.631,74";"36,00"
"14628240";"Lohmen";"Gemeinden";"19.542,40";"5.951,97";"6,91";"6,95";"6,99";"7,03";"7,10";"7,10";"7,10";"0,35";"0,35";"0,35";"0,35";"0,35";"0,35";"0,35";"11,88";"30,57";"660,90";"985,84";"86,00"
"14628250";"Müglitztal";"Gemeinden";"18.956,80";"6.129,01";"8,19";"8,19";"8,23";"8,28";"8,28";"8,33";"8,33";"0,43";"0,43";"0,43";"0,43";"0,43";"0,48";"0,48";"12,69";"21,75";"2.082,51";"4.151,37";"58,00"
"14628260";"Neustadt in Sachsen, Stadt";"Gemeinden";"19.480,38";"6.185,74";"10,80";"10,83";"10,85";"10,88";"10,90";"10,91";"10,95";"0,70";"0,71";"0,71";"0,71";"0,70";"0,70";"0,71";"31,91";"32,82";"1.295,09";"1.479,54";"537,00"
"14628270";"Pirna, Stadt";"Gemeinden";"20.563,68";"6.515,06";"28,33";"28,80";"28,91";"28,95";"29,12";"29,16";"29,27";"3,35";"3,37";"3,43";"3,45";"3,49";"3,51";"3,54";"0,00";"22,76";"560,51";"1.065,62";"1.800,00"
"14628300";"Rabenau, Stadt";"Gemeinden";"21.125,94";"6.114,81";"8,23";"8,23";"8,27";"8,30";"8,43";"8,56";"8,56";"0,62";"0,62";"0,62";"0,65";"0,65";"0,78";"0,78";"4,78";"21,29";"1.095,69";"1.608,70";"134,00"
"14628310";"Rathen, Kurort";"Gemeinden";"19.684,15";"6.738,04";"12,36";"12,36";"12,36";"12,64";"12,64";"12,64";"12,64";"0,84";"0,84";"0,84";"0,84";"0,84";"0,84";"0,84";"15,26";"38,02";"2.470,62";"5.885,70";"12,00"
"14628320";"Rathmannsdorf";"Gemeinden";"18.941,52";"5.896,37";"11,39";"11,62";"11,39";"11,39";"11,39";"11,39";"11,67";"0,46";"0,46";"0,46";"0,46";"0,46";"0,46";"0,46";"22,25";"44,50";"833,85";"1.862,01";"41,00"
"14628330";"Reinhardtsdorf-Schöna";"Gemeinden";"19.107,54";"5.901,33";"4,85";"4,85";"4,85";"4,88";"4,88";"4,88";"4,91";"0,22";"0,22";"0,22";"0,22";"0,22";"0,22";"0,22";"27,43";"49,67";"6.416,20";"7.631,89";"42,00"
"14628340";"Rosenthal-Bielatal";"Gemeinden";"19.429,47";"6.037,65";"4,46";"4,48";"4,51";"4,53";"4,53";"4,55";"4,55";"0,30";"0,30";"0,32";"0,30";"0,30";"0,30";"0,30";"18,55";"39,39";"2.407,25";"6.838,86";"45,00"
"14628360";"Sebnitz, Stadt";"Gemeinden";"18.992,93";"6.471,05";"7,37";"7,38";"7,40";"7,41";"7,44";"7,45";"7,47";"0,48";"0,48";"0,49";"0,49";"0,50";"0,50";"0,50";"36,07";"42,77";"1.075,05";"1.929,21";"467,00"
"14628370";"Stadt Wehlen, Stadt";"Gemeinden";"19.863,31";"6.110,99";"8,94";"8,94";"8,94";"8,94";"8,85";"8,94";"8,94";"0,55";"0,55";"0,55";"0,55";"0,55";"0,55";"0,55";"12,58";"31,28";"3.650,53";"4.207,91";"30,00"
"14628380";"Stolpen, Stadt";"Gemeinden";"19.358,35";"6.184,77";"7,51";"7,54";"7,62";"7,67";"7,74";"7,80";"7,82";"0,39";"0,39";"0,43";"0,43";"0,43";"0,43";"0,43";"18,11";"33,37";"1.744,49";"2.043,88";"169,00"
"14628390";"Struppen";"Gemeinden";"20.212,60";"6.109,98";"10,03";"10,07";"10,17";"10,27";"10,27";"10,32";"10,32";"0,97";"0,97";"0,97";"0,97";"0,97";"0,97";"0,97";"9,50";"32,26";"2.838,57";"3.911,47";"64,00"
"14628400";"Tharandt, Stadt";"Gemeinden";"21.953,68";"6.400,35";"5,63";"5,64";"5,66";"5,69";"5,71";"5,73";"5,81";"0,22";"0,22";"0,22";"0,22";"0,24";"0,24";"0,24";"4,89";"23,68";"2.433,91";"2.001,41";"129,00"
"14628410";"Wilsdruff, Stadt";"Gemeinden";"21.522,73";"6.101,44";"12,97";"13,03";"13,16";"13,21";"13,28";"13,31";"13,32";"1,25";"1,25";"1,30";"1,29";"1,27";"1,27";"1,30";"14,22";"20,56";"1.672,03";"2.361,33";"370,00"
"14713000";"Leipzig, Stadt";"Gemeinden";"20.150,07";"6.513,86";"53,55";"53,97";"54,19";"54,47";"54,66";"54,90";"55,29";"11,05";"11,39";"11,68";"11,60";"11,68";"11,93";"12,11";"0,00";"0,00";"382,95";"450,33";"27.270,00"
"14729010";"Bad Lausick, Stadt";"Gemeinden";"20.613,25";"6.228,02";"10,47";"10,50";"10,35";"10,35";"10,40";"10,41";"10,64";"1,30";"1,31";"1,31";"1,31";"1,31";"1,31";"1,39";"14,30";"34,98";"1.480,95";"1.548,58";"291,00"
"14729020";"Belgershain";"Gemeinden";"21.969,78";"5.585,13";"10,48";"10,53";"10,53";"10,53";"10,57";"10,57";"10,79";"0,92";"0,88";"0,88";"0,88";"0,88";"0,88";"0,96";"19,02";"26,32";"3.986,58";"4.046,48";"100,00"
"14729030";"Bennewitz";"Gemeinden";"20.720,64";"5.889,32";"12,39";"12,39";"12,41";"12,41";"12,41";"12,45";"12,50";"2,82";"2,82";"2,82";"2,80";"2,80";"2,82";"2,76";"4,29";"26,27";"1.564,71";"2.974,91";"142,00"
"14729040";"Böhlen, Stadt";"Gemeinden";"19.156,70";"6.524,17";"26,67";"26,67";"26,67";"26,63";"31,58";"31,58";"34,94";"3,42";"3,42";"3,38";"3,38";"3,24";"3,24";"3,24";"11,16";"18,47";"974,92";"1.268,74";"325,00"
"14729050";"Borna, Stadt";"Gemeinden";"19.143,80";"6.254,21";"20,61";"20,61";"20,63";"20,64";"20,90";"21,75";"21,84";"3,43";"3,43";"3,43";"3,43";"3,41";"3,41";"3,49";"0,00";"26,78";"957,24";"1.152,18";"1.059,00"
"14729060";"Borsdorf";"Gemeinden";"22.673,83";"6.165,29";"30,56";"30,69";"30,69";"30,63";"30,63";"30,95";"31,39";"6,97";"6,97";"6,91";"6,91";"6,84";"6,84";"6,97";"15,93";"17,85";"976,45";"780,26";"221,00"
"14729070";"Brandis, Stadt";"Gemeinden";"22.317,02";"6.367,88";"23,82";"23,82";"23,85";"23,96";"24,16";"24,16";"24,22";"4,27";"4,30";"4,27";"4,24";"4,24";"4,21";"4,18";"13,65";"23,86";"744,13";"1.665,13";"312,00"
"14729080";"Colditz, Stadt";"Gemeinden";"19.629,21";"6.155,85";"10,76";"10,76";"10,79";"10,79";"10,80";"10,80";"10,85";"1,55";"1,55";"1,55";"1,55";"1,55";"1,55";"1,56";"17,80";"43,43";"1.346,21";"1.972,31";"376,00"
"14729100";"Elstertrebnitz";"Gemeinden";"19.286,60";"6.222,84";"10,21";"10,21";"10,21";"10,21";"10,21";"10,21";"10,38";"3,34";"3,34";"3,34";"3,34";"3,34";"3,26";"3,26";"16,33";"30,35";"2.288,45";"2.217,74";"32,00"
"14729140";"Frohburg, Stadt";"Gemeinden";"19.722,47";"5.978,06";"8,64";"8,68";"8,69";"8,71";"8,73";"8,75";"8,87";"0,90";"1,07";"1,08";"1,07";"1,09";"1,09";"1,12";"9,36";"32,63";"3.040,26";"2.408,87";"453,00"
"14729150";"Geithain, Stadt";"Gemeinden";"19.593,24";"5.989,00";"13,14";"12,23";"12,25";"12,26";"12,30";"12,36";"12,39";"2,05";"1,57";"1,63";"1,63";"1,65";"1,65";"1,59";"16,16";"32,50";"1.649,32";"1.953,55";"296,00"
"14729160";"Grimma, Stadt";"Gemeinden";"19.690,87";"6.267,39";"12,00";"12,02";"12,07";"12,09";"12,10";"12,12";"12,45";"1,79";"1,79";"1,80";"1,79";"1,81";"1,82";"1,86";"0,00";"28,95";"1.219,17";"1.904,39";"1.326,00"
"14729170";"Groitzsch, Stadt";"Gemeinden";"19.354,62";"6.166,65";"9,51";"9,32";"9,33";"9,33";"9,33";"9,35";"9,46";"1,43";"1,41";"1,41";"1,45";"1,44";"1,44";"1,62";"18,09";"28,65";"1.159,92";"1.450,46";"286,00"
"14729190";"Großpösna";"Gemeinden";"21.714,48";"6.265,72";"17,62";"17,62";"17,71";"17,88";"17,88";"17,88";"17,95";"1,78";"1,83";"1,81";"1,83";"1,80";"1,80";"1,78";"14,10";"21,41";"1.519,42";"1.745,99";"106,00"
"14729220";"Kitzscher, Stadt";"Gemeinden";"18.884,45";"6.527,51";"11,57";"11,60";"11,78";"11,85";"11,85";"11,88";"12,12";"1,76";"1,76";"1,76";"1,76";"1,76";"1,76";"1,83";"6,75";"27,43";"750,90";"927,09";"289,00"
"14729245";"Lossatal";"Gemeinden";"17.713,94";"5.843,75";"7,32";"7,33";"7,35";"7,37";"7,39";"7,40";"7,42";"0,85";"0,85";"0,85";"0,85";"0,85";"0,85";"0,85";"12,60";"43,16";"2.379,27";"3.918,15";"209,00"
"14729250";"Machern";"Gemeinden";"24.545,75";"6.035,34";"15,70";"15,72";"15,77";"15,80";"15,85";"15,87";"16,11";"3,57";"3,49";"3,49";"3,49";"3,49";"3,47";"3,60";"9,38";"21,18";"1.701,88";"1.669,73";"178,00"
"14729260";"Markkleeberg, Stadt";"Gemeinden";"22.842,82";"6.372,29";"33,02";"33,02";"33,14";"33,21";"33,35";"33,55";"33,62";"6,23";"6,20";"6,17";"6,14";"5,97";"6,00";"5,97";"0,00";"12,22";"525,52";"687,03";"726,00"
"14729270";"Markranstädt, Stadt";"Gemeinden";"21.247,91";"6.183,39";"19,23";"19,31";"19,33";"19,71";"19,76";"19,79";"19,83";"3,42";"3,42";"3,44";"3,58";"3,54";"3,52";"3,52";"12,28";"21,53";"1.129,57";"1.679,89";"462,00"
"14729300";"Naunhof, Stadt";"Gemeinden";"22.474,82";"6.009,15";"16,77";"16,79";"16,90";"16,90";"16,92";"17,12";"17,45";"3,47";"3,45";"3,45";"3,45";"3,42";"3,50";"3,68";"13,96";"24,00";"1.288,61";"1.692,32";"276,00"
"14729320";"Neukieritzsch";"Gemeinden";"18.937,97";"5.991,22";"16,36";"16,44";"16,46";"16,48";"16,50";"16,71";"16,75";"2,19";"2,19";"2,19";"2,19";"2,19";"2,19";"2,19";"9,76";"27,13";"1.884,27";"2.036,97";"311,00"
"14729330";"Otterwisch";"Gemeinden";"20.045,93";"5.603,56";"6,99";"6,99";"6,99";"6,99";"7,03";"7,03";"7,16";"0,57";"0,57";"0,57";"0,57";"0,57";"0,53";"0,62";"14,12";"32,51";"5.758,44";"6.039,90";"41,00"
"14729340";"Parthenstein";"Gemeinden";"22.661,94";"6.013,18";"11,36";"11,50";"11,50";"11,50";"11,53";"11,67";"11,93";"1,80";"1,80";"1,80";"1,80";"1,80";"1,77";"1,80";"13,41";"28,96";"3.367,85";"4.085,80";"79,00"
"14729350";"Pegau, Stadt";"Gemeinden";"20.020,35";"5.899,71";"10,70";"10,74";"10,78";"10,82";"10,82";"10,85";"10,87";"1,19";"1,23";"1,23";"1,21";"1,21";"1,21";"1,19";"19,65";"28,51";"1.973,52";"2.210,02";"254,00"
"14729360";"Regis-Breitingen, Stadt";"Gemeinden";"19.314,69";"5.935,74";"14,14";"13,50";"13,50";"13,50";"13,50";"13,54";"13,54";"3,72";"3,64";"3,64";"3,64";"3,64";"3,60";"3,60";"11,58";"38,36";"418,05";"1.235,15";"177,00"
"14729370";"Rötha, Stadt";"Gemeinden";"19.665,34";"5.934,96";"16,70";"16,72";"16,72";"16,73";"17,29";"18,08";"18,10";"1,78";"1,78";"1,75";"1,76";"2,05";"2,05";"2,03";"9,25";"18,02";"1.372,50";"2.308,82";"246,00"
"14729380";"Thallwitz";"Gemeinden";"21.395,19";"5.876,28";"8,72";"8,76";"8,76";"8,76";"8,78";"8,80";"8,97";"1,39";"1,39";"1,39";"1,39";"1,39";"1,38";"1,45";"9,22";"32,89";"3.960,35";"4.600,53";"100,00"
"14729400";"Trebsen/Mulde, Stadt";"Gemeinden";"20.209,66";"5.938,33";"11,70";"11,76";"11,78";"11,78";"11,81";"11,81";"11,84";"1,94";"1,94";"1,94";"1,94";"1,94";"1,91";"1,88";"7,94";"29,65";"1.649,10";"1.914,27";"158,00"
"14729410";"Wurzen, Stadt";"Gemeinden";"19.476,92";"6.236,10";"15,14";"15,17";"15,18";"15,18";"15,22";"15,26";"15,26";"2,55";"2,56";"2,56";"2,56";"2,57";"2,55";"2,57";"0,00";"30,56";"1.228,89";"1.431,77";"851,00"
"14729430";"Zwenkau, Stadt";"Gemeinden";"20.584,45";"6.158,68";"15,27";"15,10";"15,12";"15,14";"15,34";"15,36";"15,38";"2,07";"2,07";"2,05";"2,07";"2,12";"2,12";"2,12";"16,64";"23,95";"933,03";"1.422,82";"299,00"
"14730010";"Arzberg";"Gemeinden";"17.739,32";"5.843,40";"5,86";"5,91";"5,94";"5,89";"5,91";"5,89";"5,91";"0,22";"0,22";"0,22";"0,22";"0,22";"0,22";"0,24";"14,47";"68,93";"2.174,67";"6.914,28";"122,00"
"14730020";"Bad Düben, Stadt";"Gemeinden";"20.308,84";"6.535,80";"14,16";"14,84";"14,93";"14,95";"14,98";"15,02";"15,09";"1,57";"1,86";"1,86";"1,86";"1,86";"1,88";"1,88";"17,61";"40,14";"964,64";"1.209,64";"431,00"
"14730030";"Beilrode";"Gemeinden";"18.767,77";"5.774,79";"5,79";"5,85";"5,85";"5,88";"6,60";"7,01";"7,03";"0,15";"0,15";"0,16";"0,16";"0,27";"0,26";"0,25";"9,57";"64,03";"2.442,87";"2.540,53";"227,00"
"14730045";"Belgern-Schildau, Stadt";"Gemeinden";"18.350,91";"5.988,57";"6,13";"6,21";"6,21";"6,69";"7,03";"7,06";"7,07";"0,43";"0,43";"0,44";"0,58";"0,61";"0,61";"0,61";"14,47";"68,93";"2.133,26";"2.513,23";"316,00"
"14730050";"Cavertitz";"Gemeinden";"19.805,97";"5.843,46";"5,42";"5,44";"5,44";"5,45";"5,48";"5,49";"5,49";"0,48";"0,48";"0,48";"0,48";"0,48";"0,48";"0,49";"13,99";"60,89";"2.906,04";"6.545,94";"85,00"
"14730060";"Dahlen, Stadt";"Gemeinden";"18.993,20";"6.052,50";"7,15";"7,18";"7,90";"7,90";"7,97";"7,99";"8,08";"0,49";"0,50";"0,78";"0,77";"0,77";"0,77";"0,77";"13,06";"51,41";"2.006,11";"2.167,13";"205,00"
"14730070";"Delitzsch, Stadt";"Gemeinden";"19.538,69";"6.153,79";"19,40";"19,65";"20,61";"21,04";"21,12";"21,22";"21,24";"1,48";"1,58";"2,28";"2,47";"2,49";"2,57";"2,57";"0,00";"27,56";"610,35";"760,90";"1.488,00"
"14730080";"Doberschütz";"Gemeinden";"19.260,71";"5.963,83";"8,34";"8,68";"8,69";"9,70";"9,71";"9,74";"9,80";"0,80";"0,81";"0,81";"0,84";"0,84";"0,84";"0,84";"12,54";"36,20";"1.832,00";"4.257,51";"136,00"
"14730090";"Dommitzsch, Stadt";"Gemeinden";"19.061,84";"6.397,87";"9,89";"9,95";"9,99";"10,35";"10,97";"11,43";"11,43";"0,30";"0,30";"0,30";"0,30";"0,43";"0,59";"0,59";"12,70";"63,11";"1.199,80";"1.349,41";"109,00"
"14730100";"Dreiheide";"Gemeinden";"19.001,07";"5.645,98";"6,99";"7,02";"7,08";"7,11";"8,54";"8,57";"8,57";"0,18";"0,18";"0,18";"0,18";"0,30";"0,30";"0,30";"7,22";"52,44";"1.001,41";"5.175,60";"66,00"
"14730110";"Eilenburg, Stadt";"Gemeinden";"18.911,18";"6.231,93";"24,72";"25,81";"25,75";"26,07";"26,11";"26,17";"26,19";"2,41";"2,71";"2,71";"2,88";"2,88";"2,88";"2,88";"0,00";"26,98";"578,55";"667,24";"1.055,00"
"14730120";"Elsnig";"Gemeinden";"18.255,21";"5.582,26";"7,32";"7,40";"7,40";"7,51";"7,62";"8,40";"8,43";"0,87";"0,87";"0,89";"0,89";"0,89";"1,14";"1,16";"8,32";"58,74";"3.805,85";"3.996,50";"62,00"
"14730140";"Jesewitz";"Gemeinden";"21.717,68";"5.984,87";"7,70";"8,16";"8,16";"8,18";"8,18";"8,22";"8,20";"0,53";"0,53";"0,53";"0,51";"0,51";"0,57";"0,57";"5,60";"21,38";"2.173,15";"5.276,23";"90,00"
"14730150";"Krostitz";"Gemeinden";"21.339,90";"5.865,77";"10,34";"10,37";"11,32";"11,32";"11,32";"11,34";"11,38";"0,44";"0,44";"0,72";"0,69";"0,69";"0,69";"0,69";"13,00";"22,90";"1.586,85";"1.663,75";"94,00"
"14730160";"Laußig";"Gemeinden";"18.727,06";"5.564,79";"6,02";"6,04";"6,46";"6,43";"6,43";"6,47";"6,48";"0,27";"0,27";"0,27";"0,27";"0,27";"0,28";"0,28";"14,34";"41,32";"3.784,07";"4.152,17";"172,00"
"14730170";"Liebschützberg";"Gemeinden";"18.994,11";"5.813,29";"6,38";"6,39";"6,42";"6,42";"6,66";"7,03";"7,03";"0,26";"0,26";"0,26";"0,26";"0,26";"0,26";"0,26";"8,12";"62,94";"3.651,62";"4.837,22";"117,00"
"14730180";"Löbnitz";"Gemeinden";"20.063,36";"5.527,59";"11,47";"11,90";"11,85";"11,87";"11,79";"11,79";"11,82";"0,80";"0,99";"1,04";"1,04";"1,10";"1,10";"1,10";"14,77";"39,26";"1.505,81";"1.478,95";"66,00"
"14730190";"Mockrehna";"Gemeinden";"18.605,20";"5.615,33";"5,99";"5,99";"6,00";"6,04";"6,64";"6,90";"6,92";"0,30";"0,30";"0,31";"0,31";"0,35";"0,35";"0,34";"13,69";"40,77";"2.966,69";"3.109,84";"193,00"
"14730200";"Mügeln, Stadt";"Gemeinden";"18.992,75";"6.061,24";"10,97";"10,97";"10,98";"11,56";"12,11";"12,09";"12,11";"0,60";"0,60";"0,60";"0,74";"0,84";"0,84";"0,84";"12,53";"44,72";"1.627,66";"1.955,39";"334,00"
"14730210";"Naundorf";"Gemeinden";"18.479,24";"5.874,06";"7,50";"7,61";"7,64";"7,64";"7,66";"7,69";"7,72";"0,38";"0,38";"0,38";"0,38";"0,38";"0,41";"0,41";"7,56";"49,64";"3.523,19";"4.966,81";"100,00"
"14730230";"Oschatz, Stadt";"Gemeinden";"19.695,45";"6.140,95";"18,20";"19,99";"20,02";"20,04";"20,06";"21,03";"21,57";"2,00";"2,74";"2,76";"2,74";"2,74";"3,01";"3,05";"0,00";"55,75";"879,37";"1.086,27";"809,00"
"14730250";"Rackwitz";"Gemeinden";"19.667,46";"6.152,22";"13,39";"13,64";"13,58";"13,61";"13,64";"13,70";"14,20";"0,47";"0,47";"0,50";"0,50";"0,50";"0,56";"0,92";"12,61";"16,05";"735,61";"878,43";"247,00"
"14730270";"Schkeuditz, Stadt";"Gemeinden";"20.652,72";"6.169,92";"27,95";"29,45";"29,51";"29,67";"30,70";"36,01";"36,01";"1,35";"1,96";"1,96";"1,99";"2,18";"2,17";"2,17";"0,00";"20,53";"667,96";"1.696,75";"704,00"
"14730280";"Schönwölkau";"Gemeinden";"19.123,92";"5.858,52";"7,16";"7,53";"7,67";"7,69";"7,71";"7,73";"7,73";"0,38";"0,43";"0,47";"0,47";"0,47";"0,47";"0,47";"14,52";"26,00";"5.343,24";"5.363,33";"96,00"
"14730300";"Taucha, Stadt";"Gemeinden";"22.578,56";"6.270,73";"23,95";"24,74";"27,87";"28,63";"28,63";"28,66";"28,75";"3,82";"3,82";"4,97";"5,00";"5,00";"5,00";"5,09";"12,63";"14,35";"896,93";"786,93";"541,00"
"14730310";"Torgau, Stadt";"Gemeinden";"18.643,37";"6.347,13";"13,86";"13,89";"14,11";"14,19";"15,20";"15,43";"15,59";"1,24";"1,25";"1,36";"1,39";"1,94";"2,07";"2,22";"0,00";"54,46";"746,18";"1.131,62";"1.594,00"
"14730320";"Trossin";"Gemeinden";"19.336,22";"5.716,07";"4,04";"4,04";"4,03";"4,46";"4,49";"4,83";"4,82";"0,29";"0,29";"0,30";"0,38";"0,38";"0,38";"0,38";"19,09";"56,73";"5.550,01";"6.683,89";"42,00"
"14730330";"Wermsdorf";"Gemeinden";"19.853,07";"5.848,77";"6,91";"7,03";"7,05";"7,37";"7,40";"7,41";"7,46";"0,74";"0,75";"0,75";"0,82";"0,83";"0,83";"0,83";"16,72";"40,08";"2.185,80";"2.567,32";"229,00"
"14730340";"Wiedemar";"Gemeinden";"19.192,23";"5.804,54";"12,12";"12,18";"12,23";"12,24";"12,56";"12,79";"12,81";"0,36";"0,36";"0,37";"0,37";"0,57";"0,58";"0,58";"10,53";"19,05";"3.168,21";"3.896,75";"217,00"
"14730360";"Zschepplin";"Gemeinden";"19.052,53";"5.816,50";"6,53";"6,67";"6,88";"6,92";"6,92";"6,93";"6,93";"1,07";"1,05";"1,05";"1,10";"1,11";"1,13";"1,11";"4,91";"31,89";"3.304,90";"5.065,57";"113,00"
